scenario,mode,time_s,power_ratio,mean_temperature_K,peak_temperature_K
slow_symmetric,full,0.0,1.0,798.7976316203597,835.2226504778912
slow_symmetric,full,0.1,1.0,798.7976316203597,835.2226504778912
slow_symmetric,full,0.2,1.0,798.7976316203597,835.2226504778912
slow_symmetric,full,0.30000000000000004,1.0,798.7976316203597,835.2226504778912
slow_symmetric,full,0.4,1.0,798.7976316203597,835.2226504778912
slow_symmetric,full,0.5,1.0,798.7976316203597,835.2226504778912
slow_symmetric,full,0.6000000000000001,1.0,798.7976316203597,835.2226504778912
slow_symmetric,full,0.7000000000000001,1.0,798.7976316203597,835.2226504778912
slow_symmetric,full,0.8,1.0,798.7976316203597,835.2226504778912
slow_symmetric,full,0.9,1.0,798.7976316203597,835.2226504778912
slow_symmetric,full,1.0,1.0,798.7976316203597,835.2226504778912
slow_symmetric,full,1.1,1.0,798.7976316203597,835.2226504778912
slow_symmetric,full,1.2000000000000002,1.0,798.7976316203597,835.2226504778912
slow_symmetric,full,1.3,1.0,798.7976316203597,835.2226504778912
slow_symmetric,full,1.4000000000000001,1.0,798.7976316203597,835.2226504778912
slow_symmetric,full,1.5,1.0,798.7976316203597,835.2226504778912
slow_symmetric,full,1.6,1.0,798.7976316203597,835.2226504778912
slow_symmetric,full,1.7000000000000002,1.0,798.7976316203597,835.2226504778912
slow_symmetric,full,1.8,1.0299909865295136,798.7976316203597,835.2226504778912
slow_symmetric,full,1.9000000000000001,1.0320829717063291,798.7976316203597,835.2226504778912
slow_symmetric,full,2.0,1.0323957358638096,798.799391237638,835.2258187538379
slow_symmetric,full,2.1,1.0326164444104124,798.799391237638,835.2258187538379
slow_symmetric,full,2.2,1.0328671999649515,798.799391237638,835.2258187538379
slow_symmetric,full,2.3000000000000003,1.0331519399019977,798.799391237638,835.2258187538379
slow_symmetric,full,2.4000000000000004,1.0333611842309969,798.799391237638,835.2258187538379
slow_symmetric,full,2.5,1.0336715415538462,798.8024725304281,835.2313828973938
slow_symmetric,full,2.6,1.0339151569529996,798.8024725304281,835.2313828973938
slow_symmetric,full,2.7,1.0341780286123172,798.8024725304281,835.2313828973938
slow_symmetric,full,2.8000000000000003,1.1091360426869972,798.8024725304281,835.2313828973938
slow_symmetric,full,2.9000000000000004,1.114833381919817,798.8024725304281,835.2313828973938
slow_symmetric,full,3.0,1.1161379209503455,798.8100636630624,835.245315709404
slow_symmetric,full,3.1,1.1170784203876338,798.8100636630624,835.245315709404
slow_symmetric,full,3.2,1.1180183798586794,798.8100636630624,835.245315709404
slow_symmetric,full,3.3000000000000003,1.118990433799104,798.8100636630624,835.245315709404
slow_symmetric,full,3.4000000000000004,1.1199188148933037,798.8100636630624,835.245315709404
slow_symmetric,full,3.5,1.120874215990288,798.8211129908562,835.2656799686615
slow_symmetric,full,3.6,1.121781206127747,798.8211129908562,835.2656799686615
slow_symmetric,full,3.7,1.1227039023719136,798.8211129908562,835.2656799686615
slow_symmetric,full,3.8000000000000003,1.1347688764746522,798.8211129908562,835.2656799686615
slow_symmetric,full,3.9000000000000004,1.1366871636777058,798.8211129908562,835.2656799686615
slow_symmetric,full,4.0,1.1377945167655379,798.8332309147479,835.2879712890946
slow_symmetric,full,4.1000000000000005,1.1388019071140971,798.8332309147479,835.2879712890946
slow_symmetric,full,4.2,1.1398427020281299,798.8332309147479,835.2879712890946
slow_symmetric,full,4.3,1.140925034994597,798.8332309147479,835.2879712890946
slow_symmetric,full,4.4,1.142008736381471,798.8332309147479,835.2879712890946
slow_symmetric,full,4.5,1.1430964842513096,798.8462674191644,835.3119118537402
slow_symmetric,full,4.6000000000000005,1.1440888790971302,798.8462674191644,835.3119118537402
slow_symmetric,full,4.7,1.1451427941791894,798.8462674191644,835.3119118537402
slow_symmetric,full,4.800000000000001,1.1461983128801745,798.8462674191644,835.3119118537402
slow_symmetric,full,4.9,1.1472753254693622,798.8462674191644,835.3119118537402
slow_symmetric,full,5.0,1.1483511697001556,798.8597628893764,835.3366349110325
slow_symmetric,full,5.1000000000000005,1.1493380832410387,798.8597628893764,835.3366349110325
slow_symmetric,full,5.2,1.1504900024636235,798.8597628893764,835.3366349110325
slow_symmetric,full,5.300000000000001,1.3065768016394457,798.8597628893764,835.3366349110325
slow_symmetric,full,5.4,1.3207774256376528,798.8597628893764,835.3366349110325
slow_symmetric,full,5.5,1.3246412510706538,798.882925310233,835.379259264818
slow_symmetric,full,5.6000000000000005,1.3274984280986595,798.882925310233,835.379259264818
slow_symmetric,full,5.7,1.3303868914793562,798.882925310233,835.379259264818
slow_symmetric,full,5.800000000000001,1.3332976454221273,798.882925310233,835.379259264818
slow_symmetric,full,5.9,1.3361937245464888,798.882925310233,835.379259264818
slow_symmetric,full,6.0,1.3390933191866226,798.9137538547872,835.4361006746561
slow_symmetric,full,6.1000000000000005,1.3418325368294362,798.9137538547872,835.4361006746561
slow_symmetric,full,6.2,1.3447612623662548,798.9137538547872,835.4361006746561
slow_symmetric,full,6.300000000000001,1.3872271785386514,798.9137538547872,835.4361006746561
slow_symmetric,full,6.4,1.3936563231883246,798.9137538547872,835.4361006746561
slow_symmetric,full,6.5,1.3974135376073522,798.9482018372651,835.4994915816583
slow_symmetric,full,6.6000000000000005,1.400720738955915,798.9482018372651,835.4994915816583
slow_symmetric,full,6.7,1.4041945976409078,798.9482018372651,835.4994915816583
slow_symmetric,full,6.800000000000001,1.4076664435799109,798.9482018372651,835.4994915816583
slow_symmetric,full,6.9,1.411138459954706,798.9482018372651,835.4994915816583
slow_symmetric,full,7.0,1.4146719688315983,798.9857963080613,835.5685580607492
slow_symmetric,full,7.1000000000000005,1.4179289858114712,798.9857963080613,835.5685580607492
slow_symmetric,full,7.2,1.4214354622798493,798.9857963080613,835.5685580607492
slow_symmetric,full,7.300000000000001,1.4249612558250022,798.9857963080613,835.5685580607492
slow_symmetric,full,7.4,1.428501177916301,798.9857963080613,835.5685580607492
slow_symmetric,full,7.5,1.4320491363841652,799.024908827512,835.6402427833225
slow_symmetric,full,7.6000000000000005,1.435372184613333,799.024908827512,835.6402427833225
slow_symmetric,full,7.7,1.4389152879622498,799.024908827512,835.6402427833225
slow_symmetric,full,7.800000000000001,1.4956174091570005,799.024908827512,835.6402427833225
slow_symmetric,full,7.9,1.5040964643828156,799.024908827512,835.6402427833225
slow_symmetric,full,8.0,1.508838957885234,799.0687301503882,835.7204693420728
slow_symmetric,full,8.1,1.5129542245570675,799.0687301503882,835.7204693420728
slow_symmetric,full,8.200000000000001,1.5173041063115362,799.0687301503882,835.7204693420728
slow_symmetric,full,8.3,1.5279469052342167,799.0687301503882,835.7204693420728
slow_symmetric,full,8.4,1.5331344410942926,799.0687301503882,835.7204693420728
slow_symmetric,full,8.5,1.5377092075468761,799.1170298476603,835.808795477277
slow_symmetric,full,8.6,1.5419119860936865,799.1170298476603,835.808795477277
slow_symmetric,full,8.700000000000001,1.5463866190774644,799.1170298476603,835.808795477277
slow_symmetric,full,8.8,1.6529163558562177,799.1170298476603,835.808795477277
slow_symmetric,full,8.9,1.667512674088433,799.1170298476603,835.808795477277
slow_symmetric,full,9.0,1.674575556033019,799.1736723555742,835.912335014461
slow_symmetric,full,9.1,1.6804062524087477,799.1736723555742,835.912335014461
slow_symmetric,full,9.200000000000001,1.6865948674241278,799.1736723555742,835.912335014461
slow_symmetric,full,9.3,1.6927409713790147,799.1736723555742,835.912335014461
slow_symmetric,full,9.4,1.6990150955049579,799.1736723555742,835.912335014461
slow_symmetric,full,9.5,1.705259048943625,799.2372673185492,836.0285335682373
slow_symmetric,full,9.600000000000001,1.711009866037843,799.2372673185492,836.0285335682373
slow_symmetric,full,9.700000000000001,1.717307073878788,799.2372673185492,836.0285335682373
slow_symmetric,full,9.8,1.7235872331890882,799.2372673185492,836.0285335682373
slow_symmetric,full,9.9,1.7299815214152017,799.2372673185492,836.0285335682373
slow_symmetric,full,10.0,1.7363275410816978,799.3035784685757,836.1494369687421
slow_symmetric,full,10.100000000000001,1.7421548945467347,799.3035784685757,836.1494369687421
slow_symmetric,full,10.200000000000001,1.7485627044497485,799.3035784685757,836.1494369687421
slow_symmetric,full,10.3,1.7549503632687058,799.3035784685757,836.1494369687421
slow_symmetric,full,10.4,1.7614565081174707,799.3035784685757,836.1494369687421
slow_symmetric,full,10.5,1.7679116846600036,799.3726484952248,836.2751093715674
slow_symmetric,full,10.600000000000001,1.7738184595219864,799.3726484952248,836.2751093715674
slow_symmetric,full,10.700000000000001,1.7803307627648342,799.3726484952248,836.2751093715674
slow_symmetric,full,10.8,1.7868277663730465,799.3726484952248,836.2751093715674
slow_symmetric,full,10.9,1.7934441417319604,799.3726484952248,836.2751093715674
slow_symmetric,full,11.0,1.8000099305842636,799.444518987735,836.4056136712513
slow_symmetric,full,11.100000000000001,1.8059961748550037,799.444518987735,836.4056136712513
slow_symmetric,full,11.200000000000001,1.812613838412873,799.444518987735,836.4056136712513
slow_symmetric,full,11.3,1.8192410044825156,799.444518987735,836.4056136712513
slow_symmetric,full,11.4,1.8258936355343525,799.444518987735,836.4056136712513
slow_symmetric,full,11.5,1.8326443147367422,799.5192312752228,836.5410121795111
slow_symmetric,full,11.600000000000001,1.8386912428051443,799.5192312752228,836.5410121795111
slow_symmetric,full,11.700000000000001,1.8454195210165956,799.5192312752228,836.5410121795111
slow_symmetric,full,11.8,1.8521581041325486,799.5192312752228,836.5410121795111
slow_symmetric,full,11.9,1.8589250960710904,799.5192312752228,836.5410121795111
slow_symmetric,full,12.0,1.8657858144719333,799.5968278969909,836.6813692141818
slow_symmetric,adiabatic,0.0,1.0,798.7976316203597,835.2226504778912
slow_symmetric,adiabatic,0.1,1.0,798.7976316203597,835.2226504778912
slow_symmetric,adiabatic,0.2,1.0,798.7976316203597,835.2226504778912
slow_symmetric,adiabatic,0.30000000000000004,1.0,798.7976316203597,835.2226504778912
slow_symmetric,adiabatic,0.4,1.0,798.7976316203597,835.2226504778912
slow_symmetric,adiabatic,0.5,1.0,798.7976316203597,835.2226504778912
slow_symmetric,adiabatic,0.6000000000000001,1.0000000000000324,798.7976316203597,835.2226504778912
slow_symmetric,adiabatic,0.7000000000000001,1.0000000000000344,798.7976316203597,835.2226504778912
slow_symmetric,adiabatic,0.8,1.0000000000000349,798.7976316203597,835.2226504778912
slow_symmetric,adiabatic,0.9,1.000000000000035,798.7976316203597,835.2226504778912
slow_symmetric,adiabatic,1.0,1.0000000000000353,798.7976316203597,835.2226504778912
slow_symmetric,adiabatic,1.1,1.0000000000001283,798.7976316203597,835.2226504778912
slow_symmetric,adiabatic,1.2000000000000002,1.0000000000001341,798.7976316203597,835.2226504778912
slow_symmetric,adiabatic,1.3,1.0000000000001346,798.7976316203597,835.2226504778912
slow_symmetric,adiabatic,1.4000000000000001,1.0000000000001348,798.7976316203597,835.2226504778912
slow_symmetric,adiabatic,1.5,1.000000000000135,798.7976316203597,835.2226504778912
slow_symmetric,adiabatic,1.6,1.0000000000001352,798.7976316203597,835.2226504778912
slow_symmetric,adiabatic,1.7000000000000002,1.0000000000001354,798.7976316203597,835.2226504778912
slow_symmetric,adiabatic,1.8,1.0222040488829014,798.7976316203597,835.2226504778912
slow_symmetric,adiabatic,1.9000000000000001,1.0237128080846731,798.7976316203597,835.2226504778912
slow_symmetric,adiabatic,2.0,1.0239793175644178,798.7989336697104,835.2253099180259
slow_symmetric,adiabatic,2.1,1.0320864055157686,798.7989336697104,835.2253099180259
slow_symmetric,adiabatic,2.2,1.0328100481828375,798.7989336697104,835.2253099180259
slow_symmetric,adiabatic,2.3000000000000003,1.0330867177848289,798.7989336697104,835.2253099180259
slow_symmetric,adiabatic,2.4000000000000004,1.0333363813899799,798.7989336697104,835.2253099180259
slow_symmetric,adiabatic,2.5,1.0335844658176034,798.8020020312582,835.2308138231627
slow_symmetric,adiabatic,2.6,1.0338222081668271,798.8020020312582,835.2308138231627
slow_symmetric,adiabatic,2.7,1.03406959797906,798.8020020312582,835.2308138231627
slow_symmetric,adiabatic,2.8000000000000003,1.0941631975116988,798.8020020312582,835.2308138231627
slow_symmetric,adiabatic,2.9000000000000004,1.098763791957349,798.8020020312582,835.2308138231627
slow_symmetric,adiabatic,3.0,1.0998125166954524,798.808708616504,835.2436877605608
slow_symmetric,adiabatic,3.1,1.115652005258923,798.808708616504,835.2436877605608
slow_symmetric,adiabatic,3.2,1.1175623935624421,798.808708616504,835.2436877605608
slow_symmetric,adiabatic,3.3000000000000003,1.1185702089561278,798.808708616504,835.2436877605608
slow_symmetric,adiabatic,3.4000000000000004,1.1195202388785745,798.808708616504,835.2436877605608
slow_symmetric,adiabatic,3.5,1.1204672694980036,798.8197037738587,835.2638620320179
slow_symmetric,adiabatic,3.6,1.121371320054241,798.8197037738587,835.2638620320179
slow_symmetric,adiabatic,3.7,1.1223164566192967,798.8197037738587,835.2638620320179
slow_symmetric,adiabatic,3.8000000000000003,1.1310373013462074,798.8197037738587,835.2638620320179
slow_symmetric,adiabatic,3.9000000000000004,1.1325680910415727,798.8197037738587,835.2638620320179
slow_symmetric,adiabatic,4.0,1.133630291805921,798.8315868952499,835.2857097587445
slow_symmetric,adiabatic,4.1000000000000005,1.138047850708932,798.8315868952499,835.2857097587445
slow_symmetric,adiabatic,4.2,1.1393323965342514,798.8315868952499,835.2857097587445
slow_symmetric,adiabatic,4.3,1.140412499339101,798.8315868952499,835.2857097587445
slow_symmetric,adiabatic,4.4,1.141480132116023,798.8315868952499,835.2857097587445
slow_symmetric,adiabatic,4.5,1.1425478798513984,798.8445746421519,835.3094744191453
slow_symmetric,adiabatic,4.6000000000000005,1.1435635118259662,798.8445746421519,835.3094744191453
slow_symmetric,adiabatic,4.7,1.144629208514736,798.8445746421519,835.3094744191453
slow_symmetric,adiabatic,4.800000000000001,1.1456991209710785,798.8445746421519,835.3094744191453
slow_symmetric,adiabatic,4.9,1.1467702447398052,798.8445746421519,835.3094744191453
slow_symmetric,adiabatic,5.0,1.1478423837575962,798.8580270680953,835.3340375085543
slow_symmetric,adiabatic,5.1000000000000005,1.1488604584387705,798.8580270680953,835.3340375085543
slow_symmetric,adiabatic,5.2,1.14993046372447,798.8580270680953,835.3340375085543
slow_symmetric,adiabatic,5.300000000000001,1.266922315816202,798.8580270680953,835.3340375085543
slow_symmetric,adiabatic,5.4,1.2775759808887903,798.8580270680953,835.3340375085543
slow_symmetric,adiabatic,5.5,1.2805691017053502,798.878810796225,835.3732670483292
slow_symmetric,adiabatic,5.6000000000000005,1.2829082068429325,798.878810796225,835.3732670483292
slow_symmetric,adiabatic,5.7,1.285309163748042,798.878810796225,835.3732670483292
slow_symmetric,adiabatic,5.800000000000001,1.287718764118385,798.878810796225,835.3732670483292
slow_symmetric,adiabatic,5.9,1.2901331809342245,798.878810796225,835.3732670483292
slow_symmetric,adiabatic,6.0,1.2925521462344671,798.90540665734,835.4240021203168
slow_symmetric,adiabatic,6.1000000000000005,1.3348906459444667,798.90540665734,835.4240021203168
slow_symmetric,adiabatic,6.2,1.3407341735541085,798.90540665734,835.4240021203168
slow_symmetric,adiabatic,6.300000000000001,1.3776543802946222,798.90540665734,835.4240021203168
slow_symmetric,adiabatic,6.4,1.3835872932732574,798.90540665734,835.4240021203168
slow_symmetric,adiabatic,6.5,1.3871666722098508,798.9391157053169,835.4861568265522
slow_symmetric,adiabatic,6.6000000000000005,1.3903795532764174,798.9391157053169,835.4861568265522
slow_symmetric,adiabatic,6.7,1.39376452973777,798.9391157053169,835.4861568265522
slow_symmetric,adiabatic,6.800000000000001,1.3971702932953063,798.9391157053169,835.4861568265522
slow_symmetric,adiabatic,6.9,1.4005853349452169,798.9391157053169,835.4861568265522
slow_symmetric,adiabatic,7.0,1.4040087966553854,798.975756586081,835.553805205102
slow_symmetric,adiabatic,7.1000000000000005,1.4131055285570877,798.975756586081,835.553805205102
slow_symmetric,adiabatic,7.2,1.4170448436029954,798.975756586081,835.553805205102
slow_symmetric,adiabatic,7.300000000000001,1.420597676608273,798.975756586081,835.553805205102
slow_symmetric,adiabatic,7.4,1.424129020830594,798.975756586081,835.553805205102
slow_symmetric,adiabatic,7.5,1.4276668180673484,799.0144793993516,835.6246141613104
slow_symmetric,adiabatic,7.6000000000000005,1.4309821277316854,799.0144793993516,835.6246141613104
slow_symmetric,adiabatic,7.7,1.4345167191477748,799.0144793993516,835.6246141613104
slow_symmetric,adiabatic,7.800000000000001,1.4756622495558194,799.0144793993516,835.6246141613104
slow_symmetric,adiabatic,7.9,1.4826693490605427,799.0144793993516,835.6246141613104
slow_symmetric,adiabatic,8.0,1.4870083025661145,799.0569867457681,835.7025626347564
slow_symmetric,adiabatic,8.1,1.5064292697929837,799.0569867457681,835.7025626347564
slow_symmetric,adiabatic,8.200000000000001,1.5119754379652317,799.0569867457681,835.7025626347564
slow_symmetric,adiabatic,8.3,1.522344728049133,799.0569867457681,835.7025626347564
slow_symmetric,adiabatic,8.4,1.5272776152661656,799.0569867457681,835.7025626347564
slow_symmetric,adiabatic,8.5,1.5317894051213479,799.1047723076402,835.7898430537895
slow_symmetric,adiabatic,8.6,1.5359612764680524,799.1047723076402,835.7898430537895
slow_symmetric,adiabatic,8.700000000000001,1.5404322773676353,799.1047723076402,835.7898430537895
slow_symmetric,adiabatic,8.8,1.6256484978608157,799.1047723076402,835.7898430537895
slow_symmetric,adiabatic,8.9,1.638077347429885,799.1047723076402,835.7898430537895
slow_symmetric,adiabatic,9.0,1.6444277959651974,799.1596070796203,835.8906474624504
slow_symmetric,adiabatic,9.1,1.6719993260941155,799.1596070796203,835.8906474624504
slow_symmetric,adiabatic,9.200000000000001,1.679987729758693,799.1596070796203,835.8906474624504
slow_symmetric,adiabatic,9.3,1.6863347566770075,799.1596070796203,835.8906474624504
slow_symmetric,adiabatic,9.4,1.6925633598927063,799.1596070796203,835.8906474624504
slow_symmetric,adiabatic,9.5,1.6988028830259532,799.2225987690081,836.0055430489047
slow_symmetric,adiabatic,9.600000000000001,1.7045686696674962,799.2225987690081,836.0055430489047
slow_symmetric,adiabatic,9.700000000000001,1.7108036078717115,799.2225987690081,836.0055430489047
slow_symmetric,adiabatic,9.8,1.7170995121704382,799.2225987690081,836.0055430489047
slow_symmetric,adiabatic,9.9,1.7234218240712034,799.2225987690081,836.0055430489047
slow_symmetric,adiabatic,10.0,1.7297676893166836,799.2883410518945,836.125226656571
slow_symmetric,adiabatic,10.100000000000001,1.7355210944436776,799.2883410518945,836.125226656571
slow_symmetric,adiabatic,10.200000000000001,1.7418532202919546,799.2883410518945,836.125226656571
slow_symmetric,adiabatic,10.3,1.748255988010361,799.2883410518945,836.125226656571
slow_symmetric,adiabatic,10.4,1.7546863285646064,799.2883410518945,836.125226656571
slow_symmetric,adiabatic,10.5,1.7611406637148004,799.3568243157688,836.2496570287722
slow_symmetric,adiabatic,10.600000000000001,1.7670601149404233,799.3568243157688,836.2496570287722
slow_symmetric,adiabatic,10.700000000000001,1.7735061919196786,799.3568243157688,836.2496570287722
slow_symmetric,adiabatic,10.8,1.7800188171265476,799.3568243157688,836.2496570287722
slow_symmetric,adiabatic,10.9,1.7865590113683691,799.3568243157688,836.2496570287722
slow_symmetric,adiabatic,11.0,1.7931235459489943,799.4280984360804,836.3789153647995
slow_symmetric,adiabatic,11.100000000000001,1.7991218413439853,799.4280984360804,836.3789153647995
slow_symmetric,adiabatic,11.200000000000001,1.8056757030623434,799.4280984360804,836.3789153647995
slow_symmetric,adiabatic,11.3,1.8122989019451006,799.4280984360804,836.3789153647995
slow_symmetric,adiabatic,11.4,1.8189502531714064,799.4280984360804,836.3789153647995
slow_symmetric,adiabatic,11.5,1.8256263431164361,799.5022053615593,836.5130624686793
slow_symmetric,adiabatic,11.600000000000001,1.831699989348072,799.5022053615593,836.5130624686793
slow_symmetric,adiabatic,11.700000000000001,1.838362560453528,799.5022053615593,836.5130624686793
slow_symmetric,adiabatic,11.8,1.8450976329213107,799.5022053615593,836.5130624686793
slow_symmetric,adiabatic,11.9,1.8518614753360052,799.5022053615593,836.5130624686793
slow_symmetric,adiabatic,12.0,1.8586504603900054,799.5791869241965,836.6521635289295
slow_symmetric,iqs,0.0,1.0,798.7976316203597,835.2226504778912
slow_symmetric,iqs,0.1,1.0,798.7976316203597,835.2226504778912
slow_symmetric,iqs,0.2,1.0,798.7976316203597,835.2226504778912
slow_symmetric,iqs,0.30000000000000004,1.0,798.7976316203597,835.2226504778912
slow_symmetric,iqs,0.4,1.0,798.7976316203597,835.2226504778912
slow_symmetric,iqs,0.5,1.0,798.7976316203597,835.2226504778912
slow_symmetric,iqs,0.6000000000000001,1.0000000000000324,798.7976316203597,835.2226504778912
slow_symmetric,iqs,0.7000000000000001,1.0000000000000344,798.7976316203597,835.2226504778912
slow_symmetric,iqs,0.8,1.0000000000000349,798.7976316203597,835.2226504778912
slow_symmetric,iqs,0.9,1.000000000000035,798.7976316203597,835.2226504778912
slow_symmetric,iqs,1.0,1.0000000000000353,798.7976316203597,835.2226504778912
slow_symmetric,iqs,1.1,1.0000000000000353,798.7976316203597,835.2226504778912
slow_symmetric,iqs,1.2000000000000002,1.0000000000000355,798.7976316203597,835.2226504778912
slow_symmetric,iqs,1.3,1.0000000000000357,798.7976316203597,835.2226504778912
slow_symmetric,iqs,1.4000000000000001,1.000000000000036,798.7976316203597,835.2226504778912
slow_symmetric,iqs,1.5,1.0000000000000362,798.7976316203597,835.2226504778912
slow_symmetric,iqs,1.6,1.0000000000000364,798.7976316203597,835.2226504778912
slow_symmetric,iqs,1.7000000000000002,1.0000000000000366,798.7976316203597,835.2226504778912
slow_symmetric,iqs,1.8,1.0222040488827016,798.7976316203597,835.2226504778912
slow_symmetric,iqs,1.9000000000000001,1.0237128080844635,798.7976316203597,835.2226504778912
slow_symmetric,iqs,2.0,1.0239793175642065,798.7989336697104,835.2253099180226
slow_symmetric,iqs,2.1,1.0320539890069111,798.7989336697104,835.2253099180226
slow_symmetric,iqs,2.2,1.032775655563465,798.7989336697104,835.2253099180226
slow_symmetric,iqs,2.3000000000000003,1.0330521973970541,798.7989336697104,835.2253099180226
slow_symmetric,iqs,2.4000000000000004,1.0333018454625114,798.7989336697104,835.2253099180226
slow_symmetric,iqs,2.5,1.033549921162999,798.8019988639496,835.2308403520105
slow_symmetric,iqs,2.6,1.0337876468906189,798.8019988639496,835.2308403520105
slow_symmetric,iqs,2.7,1.0340350278469534,798.8019988639496,835.2308403520105
slow_symmetric,iqs,2.8000000000000003,1.0941191648635074,798.8019988639496,835.2308403520105
slow_symmetric,iqs,2.9000000000000004,1.0987189878242656,798.8019988639496,835.2308403520105
slow_symmetric,iqs,3.0,1.0997675639121554,798.8087016913223,835.2437405983467
slow_symmetric,iqs,3.1,1.1155397191673964,798.8087016913223,835.2437405983467
slow_symmetric,iqs,3.2,1.1174453120689585,798.8087016913223,835.2437405983467
slow_symmetric,iqs,3.3000000000000003,1.118452431845587,798.8087016913223,835.2437405983467
slow_symmetric,iqs,3.4000000000000004,1.1194020343585056,798.8087016913223,835.2437405983467
slow_symmetric,iqs,3.5,1.1203486545824688,798.81968601703,835.2639770915138
slow_symmetric,iqs,3.6,1.1212522898204333,798.81968601703,835.2639770915138
slow_symmetric,iqs,3.7,1.1221970157631431,798.81968601703,835.2639770915138
slow_symmetric,iqs,3.8000000000000003,1.1309130652335826,798.81968601703,835.2639770915138
slow_symmetric,iqs,3.9000000000000004,1.1324430841011803,798.81968601703,835.2639770915138
slow_symmetric,iqs,4.0,1.1335048009014865,798.8315578036733,835.2858861302051
slow_symmetric,iqs,4.1000000000000005,1.137956898363708,798.8315578036733,835.2858861302051
slow_symmetric,iqs,4.2,1.1392436265967751,798.8315578036733,835.2858861302051
slow_symmetric,iqs,4.3,1.1403237944573048,798.8315578036733,835.2858861302051
slow_symmetric,iqs,4.4,1.1413913536648268,798.8315578036733,835.2858861302051
slow_symmetric,iqs,4.5,1.142459018686647,798.8445373721872,835.3097255798158
slow_symmetric,iqs,4.6000000000000005,1.1434745449316697,798.8445373721872,835.3097255798158
slow_symmetric,iqs,4.7,1.1445401565012434,798.8445373721872,835.3097255798158
slow_symmetric,iqs,4.800000000000001,1.1456099850580472,798.8445373721872,835.3097255798158
slow_symmetric,iqs,4.9,1.1466810249297268,798.8445373721872,835.3097255798158
slow_symmetric,iqs,5.0,1.1477530799765834,798.8579816618296,835.3343632531511
slow_symmetric,iqs,5.1000000000000005,1.1487777226494633,798.8579816618296,835.3343632531511
slow_symmetric,iqs,5.2,1.1498480858879472,798.8579816618296,835.3343632531511
slow_symmetric,iqs,5.300000000000001,1.2667794842085789,798.8579816618296,835.3343632531511
slow_symmetric,iqs,5.4,1.277427562873904,798.8579816618296,835.3343632531511
slow_symmetric,iqs,5.5,1.280419480679345,798.8787543014723,835.37365926304
slow_symmetric,iqs,5.6000000000000005,1.2827577263233751,798.8787543014723,835.37365926304
slow_symmetric,iqs,5.7,1.2851578499517409,798.8787543014723,835.37365926304
slow_symmetric,iqs,5.800000000000001,1.2875666163000756,798.8787543014723,835.37365926304
slow_symmetric,iqs,5.9,1.2899801966150477,798.8787543014723,835.37365926304
slow_symmetric,iqs,6.0,1.2923983228199019,798.9053362328884,835.4244591467022
slow_symmetric,iqs,6.1000000000000005,1.3347357880677544,798.9053362328884,835.4244591467022
slow_symmetric,iqs,6.2,1.3405788355003798,798.9053362328884,835.4244591467022
slow_symmetric,iqs,6.300000000000001,1.3774682002549092,798.9053362328884,835.4244591467022
slow_symmetric,iqs,6.4,1.3833979361652138,798.9053362328884,835.4244591467022
slow_symmetric,iqs,6.5,1.3869763610373589,798.9390292641572,835.4867446731134
slow_symmetric,iqs,6.6000000000000005,1.390188431915589,798.9390292641572,835.4867446731134
slow_symmetric,iqs,6.7,1.3935726399242374,798.9390292641572,835.4867446731134
slow_symmetric,iqs,6.800000000000001,1.3969776351843946,798.9390292641572,835.4867446731134
slow_symmetric,iqs,6.9,1.400391906090982,798.9390292641572,835.4867446731134
slow_symmetric,iqs,7.0,1.4038145944499605,798.9756525687774,835.5545234622842
slow_symmetric,iqs,7.1000000000000005,1.4128980900772368,798.9756525687774,835.5545234622842
slow_symmetric,iqs,7.2,1.4168355578372385,798.9756525687774,835.5545234622842
slow_symmetric,iqs,7.300000000000001,1.4203874323231407,798.9756525687774,835.5545234622842
slow_symmetric,iqs,7.4,1.4239178847160339,798.9756525687774,835.5545234622842
slow_symmetric,iqs,7.5,1.4274547924770762,799.0143562591014,835.6254723509682
slow_symmetric,iqs,7.6000000000000005,1.430769188923443,799.0143562591014,835.6254723509682
slow_symmetric,iqs,7.7,1.4343028842403138,799.0143562591014,835.6254723509682
slow_symmetric,iqs,7.800000000000001,1.4754106384570183,799.0143562591014,835.6254723509682
slow_symmetric,iqs,7.9,1.4824132209395255,799.0143562591014,835.6254723509682
slow_symmetric,iqs,8.0,1.486750455827399,799.056841907915,835.7035597077926
slow_symmetric,iqs,8.1,1.5062372215180817,799.056841907915,835.7035597077926
slow_symmetric,iqs,8.200000000000001,1.5117880783442421,799.056841907915,835.7035597077926
slow_symmetric,iqs,8.3,1.5221518896400905,799.056841907915,835.7035597077926
slow_symmetric,iqs,8.4,1.527083751244679,799.056841907915,835.7035597077926
slow_symmetric,iqs,8.5,1.5315948824929664,799.1046101701742,835.7909923342006
slow_symmetric,iqs,8.6,1.5357660730863598,799.1046101701742,835.7909923342006
slow_symmetric,iqs,8.700000000000001,1.540236440534315,799.1046101701742,835.7909923342006
slow_symmetric,iqs,8.8,1.6253745695595037,799.1046101701742,835.7909923342006
slow_symmetric,iqs,8.9,1.6377946541633355,799.1046101701742,835.7909923342006
slow_symmetric,iqs,9.0,1.6441425823174565,799.1594226427618,835.8919475190919
slow_symmetric,iqs,9.1,1.6716738564795495,799.1594226427618,835.8919475190919
slow_symmetric,iqs,9.200000000000001,1.6796564440102224,799.1594226427618,835.8919475190919
slow_symmetric,iqs,9.3,1.6860007186970216,799.1594226427618,835.8919475190919
slow_symmetric,iqs,9.4,1.692226830312747,799.1594226427618,835.8919475190919
slow_symmetric,iqs,9.5,1.6984638725912284,799.222384046688,836.0070006791934
slow_symmetric,iqs,9.600000000000001,1.7042272406964472,799.222384046688,836.0070006791934
slow_symmetric,iqs,9.700000000000001,1.7104596849205687,799.222384046688,836.0070006791934
slow_symmetric,iqs,9.8,1.7167530727065665,799.222384046688,836.0070006791934
slow_symmetric,iqs,9.9,1.7230728531813924,799.222384046688,836.0070006791934
slow_symmetric,iqs,10.0,1.729416172942862,799.2880949238005,836.1268423861633
slow_symmetric,iqs,10.100000000000001,1.7352853969537674,799.2880949238005,836.1268423861633
slow_symmetric,iqs,10.200000000000001,1.7416265971268836,799.2880949238005,836.1268423861633
slow_symmetric,iqs,10.3,1.7480293700365566,799.2880949238005,836.1268423861633
slow_symmetric,iqs,10.4,1.7544589426623614,799.2880949238005,836.1268423861633
slow_symmetric,iqs,10.5,1.76091244137258,799.3565578369951,836.2514378987637
slow_symmetric,iqs,10.600000000000001,1.7668309977637355,799.3565578369951,836.2514378987637
slow_symmetric,iqs,10.700000000000001,1.7732762224654606,799.3565578369951,836.2514378987637
slow_symmetric,iqs,10.8,1.7797879948545263,799.3565578369951,836.2514378987637
slow_symmetric,iqs,10.9,1.7863273332307645,799.3565578369951,836.2514378987637
slow_symmetric,iqs,11.0,1.7928910087731467,799.4278115077325,836.3808636932915
slow_symmetric,iqs,11.100000000000001,1.798905779651652,799.4278115077325,836.3808636932915
slow_symmetric,iqs,11.200000000000001,1.805460311806471,799.4278115077325,836.3808636932915
slow_symmetric,iqs,11.3,1.8120828358828434,799.4278115077325,836.3808636932915
slow_symmetric,iqs,11.4,1.8187333953160483,799.4278115077325,836.3808636932915
slow_symmetric,iqs,11.5,1.8254086808034267,799.501899402499,836.5151610648646
slow_symmetric,iqs,11.600000000000001,1.8314814755623572,799.501899402499,836.5151610648646
slow_symmetric,iqs,11.700000000000001,1.8381432324315046,799.501899402499,836.5151610648646
slow_symmetric,iqs,11.8,1.8448774897857665,799.501899402499,836.5151610648646
slow_symmetric,iqs,11.9,1.851640514132192,799.501899402499,836.5151610648646
slow_symmetric,iqs,12.0,1.858428678075512,799.5788616589314,836.6544142566232
slow_symmetric,guarded_iqs,0.0,1.0,798.7976316203597,835.2226504778912
slow_symmetric,guarded_iqs,0.1,1.0,798.7976316203597,835.2226504778912
slow_symmetric,guarded_iqs,0.2,1.0,798.7976316203597,835.2226504778912
slow_symmetric,guarded_iqs,0.30000000000000004,1.0,798.7976316203597,835.2226504778912
slow_symmetric,guarded_iqs,0.4,1.0,798.7976316203597,835.2226504778912
slow_symmetric,guarded_iqs,0.5,1.0,798.7976316203597,835.2226504778912
slow_symmetric,guarded_iqs,0.6000000000000001,1.0000000000000324,798.7976316203597,835.2226504778912
slow_symmetric,guarded_iqs,0.7000000000000001,1.0000000000000344,798.7976316203597,835.2226504778912
slow_symmetric,guarded_iqs,0.8,1.0000000000000349,798.7976316203597,835.2226504778912
slow_symmetric,guarded_iqs,0.9,1.000000000000035,798.7976316203597,835.2226504778912
slow_symmetric,guarded_iqs,1.0,1.0000000000000353,798.7976316203597,835.2226504778912
slow_symmetric,guarded_iqs,1.1,1.0000000000000353,798.7976316203597,835.2226504778912
slow_symmetric,guarded_iqs,1.2000000000000002,1.0000000000000355,798.7976316203597,835.2226504778912
slow_symmetric,guarded_iqs,1.3,1.0000000000000357,798.7976316203597,835.2226504778912
slow_symmetric,guarded_iqs,1.4000000000000001,1.000000000000036,798.7976316203597,835.2226504778912
slow_symmetric,guarded_iqs,1.5,1.0000000000000362,798.7976316203597,835.2226504778912
slow_symmetric,guarded_iqs,1.6,1.0000000000000364,798.7976316203597,835.2226504778912
slow_symmetric,guarded_iqs,1.7000000000000002,1.0000000000000366,798.7976316203597,835.2226504778912
slow_symmetric,guarded_iqs,1.8,1.0222040488827016,798.7976316203597,835.2226504778912
slow_symmetric,guarded_iqs,1.9000000000000001,1.0315957908737523,798.7976316203597,835.2226504778912
slow_symmetric,guarded_iqs,2.0,1.0323971528400318,798.7992371957246,835.2256451331798
slow_symmetric,guarded_iqs,2.1,1.0326703136707982,798.7992371957246,835.2256451331798
slow_symmetric,guarded_iqs,2.2,1.0329196640418996,798.7992371957246,835.2256451331798
slow_symmetric,guarded_iqs,2.3000000000000003,1.0331676287036766,798.7992371957246,835.2256451331798
slow_symmetric,guarded_iqs,2.4000000000000004,1.033415565350971,798.7992371957246,835.2256451331798
slow_symmetric,guarded_iqs,2.5,1.0336635561973082,798.8023220674891,835.231217419095
slow_symmetric,guarded_iqs,2.6,1.0339012218525903,798.8023220674891,835.231217419095
slow_symmetric,guarded_iqs,2.7,1.0341486173356966,798.8023220674891,835.231217419095
slow_symmetric,guarded_iqs,2.8000000000000003,1.0942383923265881,798.8023220674891,835.231217419095
slow_symmetric,guarded_iqs,2.9000000000000004,1.1137934301415786,798.8023220674891,835.231217419095
slow_symmetric,guarded_iqs,3.0,1.1159446397634238,798.809612419372,835.2447969224236
slow_symmetric,guarded_iqs,3.1,1.1169358811093726,798.809612419372,835.2447969224236
slow_symmetric,guarded_iqs,3.2,1.1178835176625948,798.809612419372,835.2447969224236
slow_symmetric,guarded_iqs,3.3000000000000003,1.1188290713130657,798.809612419372,835.2447969224236
slow_symmetric,guarded_iqs,3.4000000000000004,1.1197752373983514,798.809612419372,835.2447969224236
slow_symmetric,guarded_iqs,3.5,1.120722191473867,798.8206493197295,835.265139390272
slow_symmetric,guarded_iqs,3.6,1.1216262074898709,798.8206493197295,835.265139390272
slow_symmetric,guarded_iqs,3.7,1.122571512112208,798.8206493197295,835.265139390272
slow_symmetric,guarded_iqs,3.8000000000000003,1.1333431037541697,798.8206493197295,835.265139390272
slow_symmetric,guarded_iqs,3.9000000000000004,1.1350292158861086,798.8206493197295,835.265139390272
slow_symmetric,guarded_iqs,4.0,1.136121518211825,798.8326745960414,835.2873579494576
slow_symmetric,guarded_iqs,4.1000000000000005,1.1385407670156187,798.8326745960414,835.2873579494576
slow_symmetric,guarded_iqs,4.2,1.1396945913969676,798.8326745960414,835.2873579494576
slow_symmetric,guarded_iqs,4.3,1.1407663978958877,798.8326745960414,835.2873579494576
slow_symmetric,guarded_iqs,4.4,1.141833759850104,798.8326745960414,835.2873579494576
slow_symmetric,guarded_iqs,4.5,1.1429017630743443,798.8456951714406,835.311271774762
slow_symmetric,guarded_iqs,4.6000000000000005,1.1439174685981148,798.8456951714406,835.311271774762
slow_symmetric,guarded_iqs,4.7,1.1449834417891125,798.8456951714406,835.311271774762
slow_symmetric,guarded_iqs,4.800000000000001,1.146053644202867,798.8456951714406,835.311271774762
slow_symmetric,guarded_iqs,4.9,1.1471250590255533,798.8456951714406,835.311271774762
slow_symmetric,guarded_iqs,5.0,1.148197489387985,798.8591776927254,835.3359778602443
slow_symmetric,guarded_iqs,5.1000000000000005,1.1492219042562,798.8591776927254,835.3359778602443
slow_symmetric,guarded_iqs,5.2,1.1502926017437634,798.8591776927254,835.3359778602443
slow_symmetric,guarded_iqs,5.300000000000001,1.2672697166031734,798.8591776927254,835.3359778602443
slow_symmetric,guarded_iqs,5.4,1.3174421078646175,798.8591776927254,835.3359778602443
slow_symmetric,guarded_iqs,5.5,1.3238371698934102,798.8815267032495,835.3774554957321
slow_symmetric,guarded_iqs,5.6000000000000005,1.3268624360385086,798.8815267032495,835.3774554957321
slow_symmetric,guarded_iqs,5.7,1.329761820841605,798.8815267032495,835.3774554957321
slow_symmetric,guarded_iqs,5.800000000000001,1.3326576686075622,798.8815267032495,835.3774554957321
slow_symmetric,guarded_iqs,5.9,1.3355590886654876,798.8815267032495,835.3774554957321
slow_symmetric,guarded_iqs,6.0,1.3384667710244555,798.9123000966763,835.434196270204
slow_symmetric,guarded_iqs,6.1000000000000005,1.3412278576503371,798.9123000966763,835.434196270204
slow_symmetric,guarded_iqs,6.2,1.344134850419776,798.9123000966763,835.434196270204
slow_symmetric,guarded_iqs,6.300000000000001,1.3808957236267283,798.9123000966763,835.434196270204
slow_symmetric,guarded_iqs,6.4,1.3868229606472515,798.9123000966763,835.434196270204
slow_symmetric,guarded_iqs,6.5,1.3904085557468366,798.9463534253649,835.4971563655744
slow_symmetric,guarded_iqs,6.6000000000000005,1.3936259300917437,798.9463534253649,835.4971563655744
slow_symmetric,guarded_iqs,6.7,1.3970179086941144,798.9463534253649,835.4971563655744
slow_symmetric,guarded_iqs,6.800000000000001,1.4004308792371771,798.9463534253649,835.4971563655744
slow_symmetric,guarded_iqs,6.9,1.4038531580723475,798.9463534253649,835.4971563655744
slow_symmetric,guarded_iqs,7.0,1.4072838739592068,798.9832791008603,835.5654904312165
slow_symmetric,guarded_iqs,7.1000000000000005,1.4163948143518044,798.9832791008603,835.5654904312165
slow_symmetric,guarded_iqs,7.2,1.4203425149584905,798.9832791008603,835.5654904312165
slow_symmetric,guarded_iqs,7.300000000000001,1.4239031369719162,798.9832791008603,835.5654904312165
slow_symmetric,guarded_iqs,7.4,1.4274422283764612,798.9832791008603,835.5654904312165
slow_symmetric,guarded_iqs,7.5,1.4309877852970927,799.022290274647,835.6369910706135
slow_symmetric,guarded_iqs,7.6000000000000005,1.4343084819955103,799.022290274647,835.6369910706135
slow_symmetric,guarded_iqs,7.7,1.4378506482175346,799.022290274647,835.6369910706135
slow_symmetric,guarded_iqs,7.800000000000001,1.485274858865157,799.022290274647,835.6369910706135
slow_symmetric,guarded_iqs,7.9,1.502202756190167,799.022290274647,835.6369910706135
slow_symmetric,guarded_iqs,8.0,1.507540718887147,799.0658268993651,835.7168168658009
slow_symmetric,guarded_iqs,8.1,1.511690377069374,799.0658268993651,835.7168168658009
slow_symmetric,guarded_iqs,8.200000000000001,1.5160344120993885,799.0658268993651,835.7168168658009
slow_symmetric,guarded_iqs,8.3,1.5263289858648805,799.0658268993651,835.7168168658009
slow_symmetric,guarded_iqs,8.4,1.5312659662058308,799.0658268993651,835.7168168658009
slow_symmetric,guarded_iqs,8.5,1.5357881846137096,799.1139864504036,835.8049569196186
slow_symmetric,guarded_iqs,8.6,1.539967434704536,799.1139864504036,835.8049569196186
slow_symmetric,guarded_iqs,8.700000000000001,1.5444491372980946,799.1139864504036,835.8049569196186
slow_symmetric,guarded_iqs,8.8,1.6298181179465647,799.1139864504036,835.8049569196186
slow_symmetric,guarded_iqs,8.9,1.6642580111151783,799.1139864504036,835.8049569196186
slow_symmetric,guarded_iqs,9.0,1.6728086579775538,799.1700410565295,835.9076998633503
slow_symmetric,guarded_iqs,9.1,1.6787517822890001,799.1700410565295,835.9076998633503
slow_symmetric,guarded_iqs,9.200000000000001,1.6849194828235543,799.1700410565295,835.9076998633503
slow_symmetric,guarded_iqs,9.3,1.6911271331390074,799.1700410565295,835.9076998633503
slow_symmetric,guarded_iqs,9.4,1.697359123011436,799.1700410565295,835.9076998633503
slow_symmetric,guarded_iqs,9.5,1.7036142032761195,799.2334920866832,836.0236421679266
slow_symmetric,guarded_iqs,9.600000000000001,1.709391670679862,799.2334920866832,836.0236421679266
slow_symmetric,guarded_iqs,9.700000000000001,1.7156428579067653,799.2334920866832,836.0236421679266
slow_symmetric,guarded_iqs,9.8,1.721955491228294,799.2334920866832,836.0236421679266
slow_symmetric,guarded_iqs,9.9,1.7282946292486392,799.2334920866832,836.0236421679266
slow_symmetric,guarded_iqs,10.0,1.734657382328658,799.299659126615,836.1443023500221
slow_symmetric,guarded_iqs,10.100000000000001,1.7405342657383518,799.299659126615,836.1443023500221
slow_symmetric,guarded_iqs,10.200000000000001,1.7468927830908143,799.299659126615,836.1443023500221
slow_symmetric,guarded_iqs,10.3,1.7533137490381216,799.299659126615,836.1443023500221
slow_symmetric,guarded_iqs,10.4,1.75976164671923,799.299659126615,836.1443023500221
slow_symmetric,guarded_iqs,10.5,1.7662335396805586,799.3685848203252,836.2697201032255
slow_symmetric,guarded_iqs,10.600000000000001,1.7721650426513635,799.3685848203252,836.2697201032255
slow_symmetric,guarded_iqs,10.700000000000001,1.7786282415750745,799.3685848203252,836.2697201032255
slow_symmetric,guarded_iqs,10.8,1.7851584708926589,799.3685848203252,836.2697201032255
slow_symmetric,guarded_iqs,10.9,1.7917163652674806,799.3685848203252,836.2697201032255
slow_symmetric,guarded_iqs,11.0,1.798298663679643,799.4403082420897,836.3999780331525
slow_symmetric,guarded_iqs,11.100000000000001,1.8043253800473846,799.4403082420897,836.3999780331525
slow_symmetric,guarded_iqs,11.200000000000001,1.8108980065349713,799.4403082420897,836.3999780331525
slow_symmetric,guarded_iqs,11.3,1.8175392029791693,799.4403082420897,836.3999780331525
slow_symmetric,guarded_iqs,11.4,1.8242085423753929,799.4403082420897,836.3999780331525
slow_symmetric,guarded_iqs,11.5,1.8309026758780502,799.514872834865,836.535118323257
slow_symmetric,guarded_iqs,11.600000000000001,1.836988421675335,799.514872834865,836.535118323257
slow_symmetric,guarded_iqs,11.700000000000001,1.843668564479415,799.514872834865,836.535118323257
slow_symmetric,guarded_iqs,11.8,1.8504217251803177,799.514872834865,836.535118323257
slow_symmetric,guarded_iqs,11.9,1.8572037557267498,799.514872834865,836.535118323257
slow_symmetric,guarded_iqs,12.0,1.8640109939601999,799.5923189007588,836.675224595518
fast_symmetric,full,0.0,1.0,798.7976316203597,835.2226504778912
fast_symmetric,full,0.025,1.0,798.7976316203597,835.2226504778912
fast_symmetric,full,0.05,1.0,798.7976316203597,835.2226504778912
fast_symmetric,full,0.07500000000000001,1.0,798.7976316203597,835.2226504778912
fast_symmetric,full,0.1,1.0,798.7976316203597,835.2226504778912
fast_symmetric,full,0.125,1.0,798.7976316203597,835.2226504778912
fast_symmetric,full,0.15000000000000002,1.0,798.7976316203597,835.2226504778912
fast_symmetric,full,0.17500000000000002,1.0,798.7976316203597,835.2226504778912
fast_symmetric,full,0.2,1.0,798.7976316203597,835.2226504778912
fast_symmetric,full,0.225,1.0,798.7976316203597,835.2226504778912
fast_symmetric,full,0.25,1.0,798.7976316203597,835.2226504778912
fast_symmetric,full,0.275,1.0,798.7976316203597,835.2226504778912
fast_symmetric,full,0.30000000000000004,1.0,798.7976316203597,835.2226504778912
fast_symmetric,full,0.325,1.0252254449472147,798.7976316203597,835.2226504778912
fast_symmetric,full,0.35000000000000003,1.0304147497402192,798.7976316203597,835.2226504778912
fast_symmetric,full,0.375,1.0316103412173145,798.7976316203597,835.2226504778912
fast_symmetric,full,0.4,1.0939510321000303,798.7976316203597,835.2226504778912
fast_symmetric,full,0.42500000000000004,1.116750506774248,798.7976316203597,835.2226504778912
fast_symmetric,full,0.45,1.1219632945882818,798.7976316203597,835.2226504778912
fast_symmetric,full,0.47500000000000003,1.1233764218279856,798.7976316203597,835.2226504778912
fast_symmetric,full,0.5,1.1238471567858477,798.8007422299338,835.228364184582
fast_symmetric,full,0.525,1.2471092586815278,798.8007422299338,835.228364184582
fast_symmetric,full,0.55,1.277545807530148,798.8007422299338,835.228364184582
fast_symmetric,full,0.5750000000000001,1.3159294807629556,798.8007422299338,835.228364184582
fast_symmetric,full,0.6000000000000001,1.3260515503847055,798.8007422299338,835.228364184582
fast_symmetric,full,0.625,1.3293551278996913,798.8007422299338,835.228364184582
fast_symmetric,full,0.65,1.3308124869154438,798.8007422299338,835.228364184582
fast_symmetric,full,0.675,1.3317927040997124,798.8007422299338,835.228364184582
fast_symmetric,full,0.7000000000000001,1.3718929276876197,798.8007422299338,835.228364184582
fast_symmetric,full,0.7250000000000001,1.4598757971959269,798.8007422299338,835.228364184582
fast_symmetric,full,0.75,1.4848872412147607,798.8169421401254,835.2584458197185
fast_symmetric,full,0.775,1.4925627572143383,798.8169421401254,835.2584458197185
fast_symmetric,full,0.8,1.495715817273752,798.8169421401254,835.2584458197185
fast_symmetric,full,0.8250000000000001,1.4975922503757966,798.8169421401254,835.2584458197185
fast_symmetric,full,0.8500000000000001,1.4990990411356595,798.8169421401254,835.2584458197185
fast_symmetric,full,0.875,1.5004843388248041,798.8169421401254,835.2584458197185
fast_symmetric,full,0.9,1.501927908489582,798.8169421401254,835.2584458197185
fast_symmetric,full,0.925,1.5032927798671645,798.8169421401254,835.2584458197185
fast_symmetric,full,0.9500000000000001,1.5046943868878127,798.8169421401254,835.2584458197185
fast_symmetric,full,0.9750000000000001,1.5060999609626098,798.8169421401254,835.2584458197185
fast_symmetric,full,1.0,1.5074817367808955,798.8402726811986,835.3018594027816
fast_symmetric,full,1.0250000000000001,1.5087303492170312,798.8402726811986,835.3018594027816
fast_symmetric,full,1.05,1.5100752397049897,798.8402726811986,835.3018594027816
fast_symmetric,full,1.075,1.5115096656615448,798.8402726811986,835.3018594027816
fast_symmetric,full,1.1,1.5128513226245044,798.8402726811986,835.3018594027816
fast_symmetric,full,1.125,1.5143004852264843,798.8402726811986,835.3018594027816
fast_symmetric,full,1.1500000000000001,1.515693514024192,798.8402726811986,835.3018594027816
fast_symmetric,full,1.175,1.5170746758047655,798.8402726811986,835.3018594027816
fast_symmetric,full,1.2000000000000002,1.5185016525127344,798.8402726811986,835.3018594027816
fast_symmetric,full,1.225,1.5198851719512083,798.8402726811986,835.3018594027816
fast_symmetric,full,1.25,1.5212891889021525,798.8642310422279,835.3463802638045
fast_symmetric,full,1.2750000000000001,1.522584927068701,798.8642310422279,835.3463802638045
fast_symmetric,full,1.3,1.5239144810727498,798.8642310422279,835.3463802638045
fast_symmetric,full,1.3250000000000002,1.5252890571399251,798.8642310422279,835.3463802638045
fast_symmetric,full,1.35,1.5267021875601676,798.8642310422279,835.3463802638045
fast_symmetric,full,1.375,1.528099866074204,798.8642310422279,835.3463802638045
fast_symmetric,full,1.4000000000000001,1.529508030035633,798.8642310422279,835.3463802638045
fast_symmetric,full,1.425,1.5309192000457323,798.8642310422279,835.3463802638045
fast_symmetric,full,1.4500000000000002,1.5323306770079612,798.8642310422279,835.3463802638045
fast_symmetric,full,1.475,1.5337449343806102,798.8642310422279,835.3463802638045
fast_symmetric,full,1.5,1.5351607362276838,798.8888042943464,835.391980199465
fast_symmetric,full,1.5250000000000001,1.5364327749039397,798.8888042943464,835.391980199465
fast_symmetric,full,1.55,1.537825711695933,798.8888042943464,835.391980199465
fast_symmetric,full,1.5750000000000002,1.539235142583184,798.8888042943464,835.391980199465
fast_symmetric,full,1.6,1.5406484480933307,798.8888042943464,835.391980199465
fast_symmetric,full,1.625,1.5420697252347453,798.8888042943464,835.391980199465
fast_symmetric,full,1.6500000000000001,1.5434910560004416,798.8888042943464,835.391980199465
fast_symmetric,full,1.675,1.5449902498489974,798.8888042943464,835.391980199465
fast_symmetric,full,1.7000000000000002,1.5463818366194721,798.8888042943464,835.391980199465
fast_symmetric,full,1.725,1.5477748009601253,798.8888042943464,835.391980199465
fast_symmetric,full,1.75,1.549202549266965,798.913998515877,835.4386688377474
fast_symmetric,full,1.7750000000000001,1.5505450557730287,798.913998515877,835.4386688377474
fast_symmetric,full,1.8,1.5519139197129082,798.913998515877,835.4386688377474
fast_symmetric,full,1.8250000000000002,1.5533894085994928,798.913998515877,835.4386688377474
fast_symmetric,full,1.85,1.5547839958136564,798.913998515877,835.4386688377474
fast_symmetric,full,1.875,1.5562637930134438,798.913998515877,835.4386688377474
fast_symmetric,full,1.9000000000000001,1.5576671542581892,798.913998515877,835.4386688377474
fast_symmetric,full,1.925,1.5590562756602326,798.913998515877,835.4386688377474
fast_symmetric,full,1.9500000000000002,1.5604844608408688,798.913998515877,835.4386688377474
fast_symmetric,full,1.975,1.5619176838670379,798.913998515877,835.4386688377474
fast_symmetric,full,2.0,1.5634306672275424,798.9398204614633,835.4864570552506
fast_symmetric,full,2.025,1.5646813248476392,798.9398204614633,835.4864570552506
fast_symmetric,full,2.0500000000000003,1.566063819777815,798.9398204614633,835.4864570552506
fast_symmetric,full,2.075,1.5675662475298773,798.9398204614633,835.4864570552506
fast_symmetric,full,2.1,1.5689691971008786,798.9398204614633,835.4864570552506
fast_symmetric,full,2.125,1.5704687132589323,798.9398204614633,835.4864570552506
fast_symmetric,full,2.15,1.571883711987653,798.9398204614633,835.4864570552506
fast_symmetric,full,2.1750000000000003,1.573378205426113,798.9398204614633,835.4864570552506
fast_symmetric,full,2.2,1.5747977563804842,798.9398204614633,835.4864570552506
fast_symmetric,full,2.225,1.5762005596299167,798.9398204614633,835.4864570552506
fast_symmetric,full,2.25,1.577644775030983,798.9662731470488,835.5353485343445
fast_symmetric,full,2.275,1.5789351718454454,798.9662731470488,835.5353485343445
fast_symmetric,full,2.3000000000000003,1.580350067476874,798.9662731470488,835.5353485343445
fast_symmetric,full,2.325,1.581868154232173,798.9662731470488,835.5353485343445
fast_symmetric,full,2.35,1.5832816337476259,798.9662731470488,835.5353485343445
fast_symmetric,full,2.375,1.5847983481150891,798.9662731470488,835.5353485343445
fast_symmetric,full,2.4000000000000004,1.5862251601659274,798.9662731470488,835.5353485343445
fast_symmetric,full,2.4250000000000003,1.5877347048360093,798.9662731470488,835.5353485343445
fast_symmetric,full,2.45,1.5891665088103957,798.9662731470488,835.5353485343445
fast_symmetric,full,2.475,1.5905816829043777,798.9662731470488,835.5353485343445
fast_symmetric,full,2.5,1.5920397390906058,798.9933610923505,835.5853500610677
fast_symmetric,full,2.5250000000000004,1.5933358722761415,798.9933610923505,835.5853500610677
fast_symmetric,full,2.5500000000000003,1.5948425938171285,798.9933610923505,835.5853500610677
fast_symmetric,full,2.575,1.5962670231671736,798.9933610923505,835.5853500610677
fast_symmetric,full,2.6,1.5977889605277933,798.9933610923505,835.5853500610677
fast_symmetric,full,2.625,1.5992270625565779,798.9933610923505,835.5853500610677
fast_symmetric,full,2.6500000000000004,1.600653248099085,798.9933610923505,835.5853500610677
fast_symmetric,full,2.6750000000000003,1.602118978361354,798.9933610923505,835.5853500610677
fast_symmetric,full,2.7,1.6036678601139,798.9933610923505,835.5853500610677
fast_symmetric,full,2.725,1.6051047450757028,798.9933610923505,835.5853500610677
fast_symmetric,full,2.75,1.6066406150347796,799.0210898096958,835.6364701428628
fast_symmetric,full,2.7750000000000004,1.6079181043837445,799.0210898096958,835.6364701428628
fast_symmetric,full,2.8000000000000003,1.6093290207609554,799.0210898096958,835.6364701428628
fast_symmetric,full,2.825,1.6107821725267815,799.0210898096958,835.6364701428628
fast_symmetric,full,2.85,1.6123319469555342,799.0210898096958,835.6364701428628
fast_symmetric,full,2.875,1.613776189791007,799.0210898096958,835.6364701428628
fast_symmetric,full,2.9000000000000004,1.6153178804361796,799.0210898096958,835.6364701428628
fast_symmetric,full,2.9250000000000003,1.6167730720045026,799.0210898096958,835.6364701428628
fast_symmetric,full,2.95,1.6182143992897762,799.0210898096958,835.6364701428628
fast_symmetric,full,2.975,1.6196961702796382,799.0210898096958,835.6364701428628
fast_symmetric,full,3.0,1.6212612330129619,799.0494636325263,835.6887150113562
fast_symmetric,adiabatic,0.0,1.0,798.7976316203597,835.2226504778912
fast_symmetric,adiabatic,0.025,1.0000000000000002,798.7976316203597,835.2226504778912
fast_symmetric,adiabatic,0.05,1.0000000000000004,798.7976316203597,835.2226504778912
fast_symmetric,adiabatic,0.07500000000000001,1.0000000000000007,798.7976316203597,835.2226504778912
fast_symmetric,adiabatic,0.1,1.0000000000000009,798.7976316203597,835.2226504778912
fast_symmetric,adiabatic,0.125,1.000000000000001,798.7976316203597,835.2226504778912
fast_symmetric,adiabatic,0.15000000000000002,1.0000000000000013,798.7976316203597,835.2226504778912
fast_symmetric,adiabatic,0.17500000000000002,1.0000000000000016,798.7976316203597,835.2226504778912
fast_symmetric,adiabatic,0.2,1.0000000000000018,798.7976316203597,835.2226504778912
fast_symmetric,adiabatic,0.225,1.000000000000002,798.7976316203597,835.2226504778912
fast_symmetric,adiabatic,0.25,1.0000000000000022,798.7976316203597,835.2226504778912
fast_symmetric,adiabatic,0.275,1.0000000000001077,798.7976316203597,835.2226504778912
fast_symmetric,adiabatic,0.30000000000000004,1.0000000000001286,798.7976316203597,835.2226504778912
fast_symmetric,adiabatic,0.325,1.0187039012386168,798.7976316203597,835.2226504778912
fast_symmetric,adiabatic,0.35000000000000003,1.0225468064580563,798.7976316203597,835.2226504778912
fast_symmetric,adiabatic,0.375,1.0233659735034246,798.7976316203597,835.2226504778912
fast_symmetric,adiabatic,0.4,1.072047291626295,798.7976316203597,835.2226504778912
fast_symmetric,adiabatic,0.42500000000000004,1.0876460514160555,798.7976316203597,835.2226504778912
fast_symmetric,adiabatic,0.45,1.091138312424922,798.7976316203597,835.2226504778912
fast_symmetric,adiabatic,0.47500000000000003,1.09203887573043,798.7976316203597,835.2226504778912
fast_symmetric,adiabatic,0.5,1.0923846429912631,798.7999624257976,835.2274267314078
fast_symmetric,adiabatic,0.525,1.208972344772335,798.7999624257976,835.2274267314078
fast_symmetric,adiabatic,0.55,1.23706056119625,798.7999624257976,835.2274267314078
fast_symmetric,adiabatic,0.5750000000000001,1.259440822446934,798.7999624257976,835.2274267314078
fast_symmetric,adiabatic,0.6000000000000001,1.2653009630189738,798.7999624257976,835.2274267314078
fast_symmetric,adiabatic,0.625,1.2671965192248806,798.7999624257976,835.2274267314078
fast_symmetric,adiabatic,0.65,1.2681408227175321,798.7999624257976,835.2274267314078
fast_symmetric,adiabatic,0.675,1.2688570738946168,798.7999624257976,835.2274267314078
fast_symmetric,adiabatic,0.7000000000000001,1.2823932910544198,798.7999624257976,835.2274267314078
fast_symmetric,adiabatic,0.7250000000000001,1.306969150194247,798.7999624257976,835.2274267314078
fast_symmetric,adiabatic,0.75,1.3136115679242526,798.8124460364913,835.2516619069092
fast_symmetric,adiabatic,0.775,1.4449344759919014,798.8124460364913,835.2516619069092
fast_symmetric,adiabatic,0.8,1.481444272125726,798.8124460364913,835.2516619069092
fast_symmetric,adiabatic,0.8250000000000001,1.4923224189647302,798.8124460364913,835.2516619069092
fast_symmetric,adiabatic,0.8500000000000001,1.4962720197689932,798.8124460364913,835.2516619069092
fast_symmetric,adiabatic,0.875,1.4983494307015561,798.8124460364913,835.2516619069092
fast_symmetric,adiabatic,0.9,1.4999216307630387,798.8124460364913,835.2516619069092
fast_symmetric,adiabatic,0.925,1.501358181492963,798.8124460364913,835.2516619069092
fast_symmetric,adiabatic,0.9500000000000001,1.5027589941499457,798.8124460364913,835.2516619069092
fast_symmetric,adiabatic,0.9750000000000001,1.5041510804528935,798.8124460364913,835.2516619069092
fast_symmetric,adiabatic,1.0,1.5055417438427796,798.8354006687916,835.2942087758603
fast_symmetric,adiabatic,1.0250000000000001,1.5064204499977918,798.8354006687916,835.2942087758603
fast_symmetric,adiabatic,1.05,1.5076729390471764,798.8354006687916,835.2942087758603
fast_symmetric,adiabatic,1.075,1.5090277229146087,798.8354006687916,835.2942087758603
fast_symmetric,adiabatic,1.1,1.5104111834546614,798.8354006687916,835.2942087758603
fast_symmetric,adiabatic,1.125,1.511803358611859,798.8354006687916,835.2942087758603
fast_symmetric,adiabatic,1.1500000000000001,1.513198836172606,798.8354006687916,835.2942087758603
fast_symmetric,adiabatic,1.175,1.514596149382649,798.8354006687916,835.2942087758603
fast_symmetric,adiabatic,1.2000000000000002,1.515994901372778,798.8354006687916,835.2942087758603
fast_symmetric,adiabatic,1.225,1.5173949853934574,798.8354006687916,835.2942087758603
fast_symmetric,adiabatic,1.25,1.5187963733674896,798.8592507500213,835.3383995763132
fast_symmetric,adiabatic,1.2750000000000001,1.5200677085966312,798.8592507500213,835.3383995763132
fast_symmetric,adiabatic,1.3,1.5214355763964702,798.8592507500213,835.3383995763132
fast_symmetric,adiabatic,1.3250000000000002,1.5228305631172088,798.8592507500213,835.3383995763132
fast_symmetric,adiabatic,1.35,1.5242338484576357,798.8592507500213,835.3383995763132
fast_symmetric,adiabatic,1.375,1.5256403302575972,798.8592507500213,835.3383995763132
fast_symmetric,adiabatic,1.4000000000000001,1.5270486259649678,798.8592507500213,835.3383995763132
fast_symmetric,adiabatic,1.425,1.5284583615819283,798.8592507500213,835.3383995763132
fast_symmetric,adiabatic,1.4500000000000002,1.529869436575917,798.8592507500213,835.3383995763132
fast_symmetric,adiabatic,1.475,1.5312818245642092,798.8592507500213,835.3383995763132
fast_symmetric,adiabatic,1.5,1.5326955192701655,798.8837153751421,835.3836721690953
fast_symmetric,adiabatic,1.5250000000000001,1.5339744590406321,798.8837153751421,835.3836721690953
fast_symmetric,adiabatic,1.55,1.535353360755373,798.8837153751421,835.3836721690953
fast_symmetric,adiabatic,1.5750000000000002,1.5367603168063577,798.8837153751421,835.3836721690953
fast_symmetric,adiabatic,1.6,1.5381758323963561,798.8837153751421,835.3836721690953
fast_symmetric,adiabatic,1.625,1.5395946229527155,798.8837153751421,835.3836721690953
fast_symmetric,adiabatic,1.6500000000000001,1.5410152565963702,798.8837153751421,835.3836721690953
fast_symmetric,adiabatic,1.675,1.5424373459960694,798.8837153751421,835.3836721690953
fast_symmetric,adiabatic,1.7000000000000002,1.543860787020506,798.8837153751421,835.3836721690953
fast_symmetric,adiabatic,1.725,1.5452855523204605,798.8837153751421,835.3836721690953
fast_symmetric,adiabatic,1.75,1.5467116353649881,798.9088001900546,835.4300353879671
fast_symmetric,adiabatic,1.7750000000000001,1.5479982108318915,798.9088001900546,835.4300353879671
fast_symmetric,adiabatic,1.8,1.549388216689834,798.9088001900546,835.4300353879671
fast_symmetric,adiabatic,1.8250000000000002,1.5508072227038012,798.9088001900546,835.4300353879671
fast_symmetric,adiabatic,1.85,1.5522350519757144,798.9088001900546,835.4300353879671
fast_symmetric,adiabatic,1.875,1.55366623550389,798.9088001900546,835.4300353879671
fast_symmetric,adiabatic,1.9000000000000001,1.555099291548362,798.9088001900546,835.4300353879671
fast_symmetric,adiabatic,1.925,1.556533819302798,798.9088001900546,835.4300353879671
fast_symmetric,adiabatic,1.9500000000000002,1.5579697109995145,798.9088001900546,835.4300353879671
fast_symmetric,adiabatic,1.975,1.5594069383131794,798.9088001900546,835.4300353879671
fast_symmetric,adiabatic,2.0,1.5608454944558146,798.9345099537124,835.4774962926333
fast_symmetric,adiabatic,2.025,1.5621396362783035,798.9345099537124,835.4774962926333
fast_symmetric,adiabatic,2.0500000000000003,1.563540789260252,798.9345099537124,835.4774962926333
fast_symmetric,adiabatic,2.075,1.5649719184733193,798.9345099537124,835.4774962926333
fast_symmetric,adiabatic,2.1,1.5664121428423938,798.9345099537124,835.4774962926333
fast_symmetric,adiabatic,2.125,1.5678558029986056,798.9345099537124,835.4774962926333
fast_symmetric,adiabatic,2.15,1.5693013657436519,798.9345099537124,835.4774962926333
fast_symmetric,adiabatic,2.1750000000000003,1.570748416366771,798.9345099537124,835.4774962926333
fast_symmetric,adiabatic,2.2,1.5721968433481412,798.9345099537124,835.4774962926333
fast_symmetric,adiabatic,2.225,1.5736466173553292,798.9345099537124,835.4774962926333
fast_symmetric,adiabatic,2.25,1.5750977313350785,798.960849449547,835.5260619847335
fast_symmetric,adiabatic,2.275,1.5763994736720712,798.960849449547,835.5260619847335
fast_symmetric,adiabatic,2.3000000000000003,1.577811844918234,798.960849449547,835.5260619847335
fast_symmetric,adiabatic,2.325,1.5792551782832664,798.960849449547,835.5260619847335
fast_symmetric,adiabatic,2.35,1.5807078813346531,798.960849449547,835.5260619847335
fast_symmetric,adiabatic,2.375,1.5821641024394513,798.960849449547,835.5260619847335
fast_symmetric,adiabatic,2.4000000000000004,1.583622256440389,798.960849449547,835.5260619847335
fast_symmetric,adiabatic,2.4250000000000003,1.5850819145901647,798.960849449547,835.5260619847335
fast_symmetric,adiabatic,2.45,1.5865429615824025,798.960849449547,835.5260619847335
fast_symmetric,adiabatic,2.475,1.5880053670680658,798.960849449547,835.5260619847335
fast_symmetric,adiabatic,2.5,1.589469123726349,798.9878234915963,835.5757396198974
fast_symmetric,adiabatic,2.5250000000000004,1.5907783930811268,798.9878234915963,835.5757396198974
fast_symmetric,adiabatic,2.5500000000000003,1.5922020245288493,798.9878234915963,835.5757396198974
fast_symmetric,adiabatic,2.575,1.593657635054031,798.9878234915963,835.5757396198974
fast_symmetric,adiabatic,2.6,1.5951228981878132,798.9878234915963,835.5757396198974
fast_symmetric,adiabatic,2.625,1.5965917639373197,798.9878234915963,835.5757396198974
fast_symmetric,adiabatic,2.6500000000000004,1.598062593547492,798.9878234915963,835.5757396198974
fast_symmetric,adiabatic,2.6750000000000003,1.5995349437942161,798.9878234915963,835.5757396198974
fast_symmetric,adiabatic,2.7,1.6010086954658134,798.9878234915963,835.5757396198974
fast_symmetric,adiabatic,2.725,1.602483817165308,798.9878234915963,835.5757396198974
fast_symmetric,adiabatic,2.75,1.603960301295755,799.015436918105,835.6265363948753
fast_symmetric,adiabatic,2.7750000000000004,1.6052771295803192,799.015436918105,835.6265363948753
fast_symmetric,adiabatic,2.8000000000000003,1.6067120918224422,799.015436918105,835.6265363948753
fast_symmetric,adiabatic,2.825,1.6081800603480945,799.015436918105,835.6265363948753
fast_symmetric,adiabatic,2.85,1.6096579671469589,799.015436918105,835.6265363948753
fast_symmetric,adiabatic,2.875,1.6111395618864075,799.015436918105,835.6265363948753
fast_symmetric,adiabatic,2.9000000000000004,1.6126231516922047,799.015436918105,835.6265363948753
fast_symmetric,adiabatic,2.9250000000000003,1.6141082787258068,799.015436918105,835.6265363948753
fast_symmetric,adiabatic,2.95,1.6155948198343244,799.015436918105,835.6265363948753
fast_symmetric,adiabatic,2.975,1.6170827425629957,799.015436918105,835.6265363948753
fast_symmetric,adiabatic,3.0,1.6185720390364646,799.0436945977442,835.6784595597763
fast_symmetric,iqs,0.0,1.0,798.7976316203597,835.2226504778912
fast_symmetric,iqs,0.025,1.0000000000000002,798.7976316203597,835.2226504778912
fast_symmetric,iqs,0.05,1.0000000000000004,798.7976316203597,835.2226504778912
fast_symmetric,iqs,0.07500000000000001,1.0000000000000007,798.7976316203597,835.2226504778912
fast_symmetric,iqs,0.1,1.0000000000000009,798.7976316203597,835.2226504778912
fast_symmetric,iqs,0.125,1.000000000000001,798.7976316203597,835.2226504778912
fast_symmetric,iqs,0.15000000000000002,1.0000000000000013,798.7976316203597,835.2226504778912
fast_symmetric,iqs,0.17500000000000002,1.0000000000000016,798.7976316203597,835.2226504778912
fast_symmetric,iqs,0.2,1.0000000000000018,798.7976316203597,835.2226504778912
fast_symmetric,iqs,0.225,1.000000000000002,798.7976316203597,835.2226504778912
fast_symmetric,iqs,0.25,1.0000000000000022,798.7976316203597,835.2226504778912
fast_symmetric,iqs,0.275,1.0000000000000286,798.7976316203597,835.2226504778912
fast_symmetric,iqs,0.30000000000000004,1.000000000000034,798.7976316203597,835.2226504778912
fast_symmetric,iqs,0.325,1.01870390123844,798.7976316203597,835.2226504778912
fast_symmetric,iqs,0.35000000000000003,1.022546806457856,798.7976316203597,835.2226504778912
fast_symmetric,iqs,0.375,1.0233659735032181,798.7976316203597,835.2226504778912
fast_symmetric,iqs,0.4,1.072047291625938,798.7976316203597,835.2226504778912
fast_symmetric,iqs,0.42500000000000004,1.0876460514156452,798.7976316203597,835.2226504778912
fast_symmetric,iqs,0.45,1.091138312424493,798.7976316203597,835.2226504778912
fast_symmetric,iqs,0.47500000000000003,1.0920388757299948,798.7976316203597,835.2226504778912
fast_symmetric,iqs,0.5,1.0923846429908257,798.7999624257976,835.227426731406
fast_symmetric,iqs,0.525,1.2088372282839337,798.7999624257976,835.227426731406
fast_symmetric,iqs,0.55,1.2368910191861069,798.7999624257976,835.227426731406
fast_symmetric,iqs,0.5750000000000001,1.2592503423155657,798.7999624257976,835.227426731406
fast_symmetric,iqs,0.6000000000000001,1.2651047613026485,798.7999624257976,835.227426731406
fast_symmetric,iqs,0.625,1.266998594437338,798.7999624257976,835.227426731406
fast_symmetric,iqs,0.65,1.2679422175096746,798.7999624257976,835.227426731406
fast_symmetric,iqs,0.675,1.2686580582665887,798.7999624257976,835.227426731406
fast_symmetric,iqs,0.7000000000000001,1.2821839663202614,798.7999624257976,835.227426731406
fast_symmetric,iqs,0.7250000000000001,1.3067391296469235,798.7999624257976,835.227426731406
fast_symmetric,iqs,0.75,1.3133754967709736,798.8124368926556,835.2516964008252
fast_symmetric,iqs,0.775,1.4442315926365568,798.8124368926556,835.2516964008252
fast_symmetric,iqs,0.8,1.4805999623997204,798.8124368926556,835.2516964008252
fast_symmetric,iqs,0.8250000000000001,1.4914343570264053,798.8124368926556,835.2516964008252
fast_symmetric,iqs,0.8500000000000001,1.4953692326626165,798.8124368926556,835.2516964008252
fast_symmetric,iqs,0.875,1.49744047197014,798.8124368926556,835.2516964008252
fast_symmetric,iqs,0.9,1.4990090014844994,798.8124368926556,835.2516964008252
fast_symmetric,iqs,0.925,1.5004426066197718,798.8124368926556,835.2516964008252
fast_symmetric,iqs,0.9500000000000001,1.5018406806645372,798.8124368926556,835.2516964008252
fast_symmetric,iqs,0.9750000000000001,1.503230085088264,798.8124368926556,835.2516964008252
fast_symmetric,iqs,1.0,1.5046180799480282,798.8353503467509,835.2942933259428
fast_symmetric,iqs,1.0250000000000001,1.5059759379388877,798.8353503467509,835.2942933259428
fast_symmetric,iqs,1.05,1.5073581795289182,798.8353503467509,835.2942933259428
fast_symmetric,iqs,1.075,1.5087479693587247,798.8353503467509,835.2942933259428
fast_symmetric,iqs,1.1,1.5101407433189669,798.8353503467509,835.2942933259428
fast_symmetric,iqs,1.125,1.511535264699152,798.8353503467509,835.2942933259428
fast_symmetric,iqs,1.1500000000000001,1.5129311990265004,798.8353503467509,835.2942933259428
fast_symmetric,iqs,1.175,1.5143284564750146,798.8353503467509,835.2942933259428
fast_symmetric,iqs,1.2000000000000002,1.5157270135559755,798.8353503467509,835.2942933259428
fast_symmetric,iqs,1.225,1.5171268647694414,798.8353503467509,835.2942933259428
fast_symmetric,iqs,1.25,1.5185280094936033,798.8591869214702,835.3385926666591
fast_symmetric,iqs,1.2750000000000001,1.5198093306946048,798.8591869214702,835.3385926666591
fast_symmetric,iqs,1.3,1.521179736079081,798.8591869214702,835.3385926666591
fast_symmetric,iqs,1.3250000000000002,1.5225752398620658,798.8591869214702,835.3385926666591
fast_symmetric,iqs,1.35,1.5239784940429624,798.8591869214702,835.3385926666591
fast_symmetric,iqs,1.375,1.5253847958212154,798.8591869214702,835.3385926666591
fast_symmetric,iqs,1.4000000000000001,1.5267928709698106,798.8591869214702,835.3385926666591
fast_symmetric,iqs,1.425,1.5282023748741738,798.8591869214702,835.3385926666591
fast_symmetric,iqs,1.4500000000000002,1.5296132149716817,798.8591869214702,835.3385926666591
fast_symmetric,iqs,1.475,1.53102536704124,798.8591869214702,835.3385926666591
fast_symmetric,iqs,1.5,1.5324388253923207,798.8836397264988,835.3839797342797
fast_symmetric,iqs,1.5250000000000001,1.533722872228753,798.8836397264988,835.3839797342797
fast_symmetric,iqs,1.55,1.5351029918963615,798.8836397264988,835.3839797342797
fast_symmetric,iqs,1.5750000000000002,1.5365101105103078,798.8836397264988,835.3839797342797
fast_symmetric,iqs,1.6,1.537925502149151,798.8836397264988,835.3839797342797
fast_symmetric,iqs,1.625,1.5393440908593956,798.8836397264988,835.3839797342797
fast_symmetric,iqs,1.6500000000000001,1.54076450136669,798.8836397264988,835.3839797342797
fast_symmetric,iqs,1.675,1.5421863616979699,798.8836397264988,835.3839797342797
fast_symmetric,iqs,1.7000000000000002,1.5436095718891107,798.8836397264988,835.3839797342797
fast_symmetric,iqs,1.725,1.5450341057214756,798.8836397264988,835.3839797342797
fast_symmetric,iqs,1.75,1.5464599569704802,798.9087129911923,835.4304538781043
fast_symmetric,iqs,1.7750000000000001,1.5477505979900614,798.9087129911923,835.4304538781043
fast_symmetric,iqs,1.8,1.5491415416534484,798.9087129911923,835.4304538781043
fast_symmetric,iqs,1.8250000000000002,1.55056063657248,798.9087129911923,835.4304538781043
fast_symmetric,iqs,1.85,1.551988324238745,798.9087129911923,835.4304538781043
fast_symmetric,iqs,1.875,1.5534193034568957,798.9087129911923,835.4304538781043
fast_symmetric,iqs,1.9000000000000001,1.5548521380226572,798.9087129911923,835.4304538781043
fast_symmetric,iqs,1.925,1.5562864394865281,798.9087129911923,835.4304538781043
fast_symmetric,iqs,1.9500000000000002,1.557722103433673,798.9087129911923,835.4304538781043
fast_symmetric,iqs,1.975,1.5591591024482767,798.9087129911923,835.4304538781043
fast_symmetric,iqs,2.0,1.5605974299892358,798.9344113996556,835.4780234661187
fast_symmetric,iqs,2.025,1.5618958167412968,798.9344113996556,835.4780234661187
fast_symmetric,iqs,2.0500000000000003,1.5632979586314617,798.9344113996556,835.4780234661187
fast_symmetric,iqs,2.075,1.5647291931549692,798.9344113996556,835.4780234661187
fast_symmetric,iqs,2.1,1.566169282940307,798.9344113996556,835.4780234661187
fast_symmetric,iqs,2.125,1.5676127432724867,798.9344113996556,835.4780234661187
fast_symmetric,iqs,2.15,1.569058088341306,798.9344113996556,835.4780234661187
fast_symmetric,iqs,2.1750000000000003,1.570504916293702,798.9344113996556,835.4780234661187
fast_symmetric,iqs,2.2,1.5719531190982583,798.9344113996556,835.4780234661187
fast_symmetric,iqs,2.225,1.5734026683688227,798.9344113996556,835.4780234661187
fast_symmetric,iqs,2.25,1.574853557308894,798.960739744679,835.526695264686
fast_symmetric,iqs,2.275,1.5761594544264939,798.960739744679,835.526695264686
fast_symmetric,iqs,2.3000000000000003,1.5775727924816256,798.960739744679,835.526695264686
fast_symmetric,iqs,2.325,1.5790162275805497,798.960739744679,835.526695264686
fast_symmetric,iqs,2.35,1.5804687975145273,798.960739744679,835.526695264686
fast_symmetric,iqs,2.375,1.5819248216365023,798.960739744679,835.526695264686
fast_symmetric,iqs,2.4000000000000004,1.5833827611787714,798.960739744679,835.526695264686
fast_symmetric,iqs,2.4250000000000003,1.5848421999799138,798.960739744679,835.526695264686
fast_symmetric,iqs,2.45,1.5863030261479245,798.960739744679,835.526695264686
fast_symmetric,iqs,2.475,1.5877652102600743,798.960739744679,835.526695264686
fast_symmetric,iqs,2.5,1.5892287452469214,798.9877028359971,835.5764764577322
fast_symmetric,iqs,2.5250000000000004,1.5905421178112331,798.9877028359971,835.5764764577322
fast_symmetric,iqs,2.5500000000000003,1.5919667044742218,798.9877028359971,835.5764764577322
fast_symmetric,iqs,2.575,1.5934224160530122,798.9877028359971,835.5764764577322
fast_symmetric,iqs,2.6,1.5948875483702283,798.9877028359971,835.5764764577322
fast_symmetric,iqs,2.625,1.5963562202533013,798.9877028359971,835.5764764577322
fast_symmetric,iqs,2.6500000000000004,1.597826838746143,798.9877028359971,835.5764764577322
fast_symmetric,iqs,2.6750000000000003,1.5992989730491862,798.9877028359971,835.5764764577322
fast_symmetric,iqs,2.7,1.60077250732152,798.9877028359971,835.5764764577322
fast_symmetric,iqs,2.725,1.60224741107997,798.9877028359971,835.5764764577322
fast_symmetric,iqs,2.75,1.6037236769757448,799.0153055092727,835.627374296801
fast_symmetric,iqs,2.7750000000000004,1.6050445038001426,799.0153055092727,835.627374296801
fast_symmetric,iqs,2.8000000000000003,1.6064803951208593,799.0153055092727,835.627374296801
fast_symmetric,iqs,2.825,1.6079484599247473,799.0153055092727,835.627374296801
fast_symmetric,iqs,2.85,1.6094262369434607,799.0153055092727,835.627374296801
fast_symmetric,iqs,2.875,1.6109076404357205,799.0153055092727,835.627374296801
fast_symmetric,iqs,2.9000000000000004,1.6123910221759699,799.0153055092727,835.627374296801
fast_symmetric,iqs,2.9250000000000003,1.613875936437268,799.0153055092727,835.627374296801
fast_symmetric,iqs,2.95,1.6153622633524276,799.0153055092727,835.627374296801
fast_symmetric,iqs,2.975,1.616849971357645,799.0153055092727,835.627374296801
fast_symmetric,iqs,3.0,1.6183390528190602,799.0435526273986,835.6793960796816
fast_symmetric,guarded_iqs,0.0,1.0,798.7976316203597,835.2226504778912
fast_symmetric,guarded_iqs,0.025,1.0000000000000002,798.7976316203597,835.2226504778912
fast_symmetric,guarded_iqs,0.05,1.0000000000000004,798.7976316203597,835.2226504778912
fast_symmetric,guarded_iqs,0.07500000000000001,1.0000000000000007,798.7976316203597,835.2226504778912
fast_symmetric,guarded_iqs,0.1,1.0000000000000009,798.7976316203597,835.2226504778912
fast_symmetric,guarded_iqs,0.125,1.000000000000001,798.7976316203597,835.2226504778912
fast_symmetric,guarded_iqs,0.15000000000000002,1.0000000000000013,798.7976316203597,835.2226504778912
fast_symmetric,guarded_iqs,0.17500000000000002,1.0000000000000016,798.7976316203597,835.2226504778912
fast_symmetric,guarded_iqs,0.2,1.0000000000000018,798.7976316203597,835.2226504778912
fast_symmetric,guarded_iqs,0.225,1.000000000000002,798.7976316203597,835.2226504778912
fast_symmetric,guarded_iqs,0.25,1.0000000000000022,798.7976316203597,835.2226504778912
fast_symmetric,guarded_iqs,0.275,1.0000000000000286,798.7976316203597,835.2226504778912
fast_symmetric,guarded_iqs,0.30000000000000004,1.000000000000034,798.7976316203597,835.2226504778912
fast_symmetric,guarded_iqs,0.325,1.01870390123844,798.7976316203597,835.2226504778912
fast_symmetric,guarded_iqs,0.35000000000000003,1.0291659611138873,798.7976316203597,835.2226504778912
fast_symmetric,guarded_iqs,0.375,1.0313593493233855,798.7976316203597,835.2226504778912
fast_symmetric,guarded_iqs,0.4,1.0816168164659614,798.7976316203597,835.2226504778912
fast_symmetric,guarded_iqs,0.42500000000000004,1.1112756937622243,798.7976316203597,835.2226504778912
fast_symmetric,guarded_iqs,0.45,1.1179515451876503,798.7976316203597,835.2226504778912
fast_symmetric,guarded_iqs,0.47500000000000003,1.1196082631515785,798.7976316203597,835.2226504778912
fast_symmetric,guarded_iqs,0.5,1.1201689161486552,798.8005683866006,835.228143297883
fast_symmetric,guarded_iqs,0.525,1.2156558796426051,798.8005683866006,835.228143297883
fast_symmetric,guarded_iqs,0.55,1.269698265084127,798.8005683866006,835.228143297883
fast_symmetric,guarded_iqs,0.5750000000000001,1.3032635836049864,798.8005683866006,835.228143297883
fast_symmetric,guarded_iqs,0.6000000000000001,1.3121303096137225,798.8005683866006,835.228143297883
fast_symmetric,guarded_iqs,0.625,1.314906372679712,798.8005683866006,835.228143297883
fast_symmetric,guarded_iqs,0.65,1.3161807449548717,798.8005683866006,835.228143297883
fast_symmetric,guarded_iqs,0.675,1.317085130439779,798.8005683866006,835.228143297883
fast_symmetric,guarded_iqs,0.7000000000000001,1.3677488374439184,798.8005683866006,835.228143297883
fast_symmetric,guarded_iqs,0.7250000000000001,1.443377303174384,798.8005683866006,835.228143297883
fast_symmetric,guarded_iqs,0.75,1.4800727364974997,798.8161385050923,835.2572727103068
fast_symmetric,guarded_iqs,0.775,1.491027457139348,798.8161385050923,835.2572727103068
fast_symmetric,guarded_iqs,0.8,1.4950046914659896,798.8161385050923,835.2572727103068
fast_symmetric,guarded_iqs,0.8250000000000001,1.4970907939979383,798.8161385050923,835.2572727103068
fast_symmetric,guarded_iqs,0.8500000000000001,1.4986650154596262,798.8161385050923,835.2572727103068
fast_symmetric,guarded_iqs,0.875,1.5001013635500602,798.8161385050923,835.2572727103068
fast_symmetric,guarded_iqs,0.9,1.501501257555385,798.8161385050923,835.2572727103068
fast_symmetric,guarded_iqs,0.925,1.5028921998685443,798.8161385050923,835.2572727103068
fast_symmetric,guarded_iqs,0.9500000000000001,1.5042816490842863,798.8161385050923,835.2572727103068
fast_symmetric,guarded_iqs,0.9750000000000001,1.505671628588225,798.8161385050923,835.2572727103068
fast_symmetric,guarded_iqs,1.0,1.5070626879187992,798.8394437763392,835.3006306409261
fast_symmetric,guarded_iqs,1.0250000000000001,1.5083440143196098,798.8394437763392,835.3006306409261
fast_symmetric,guarded_iqs,1.05,1.5097070176804694,798.8394437763392,835.3006306409261
fast_symmetric,guarded_iqs,1.075,1.5110931060565607,798.8394437763392,835.3006306409261
fast_symmetric,guarded_iqs,1.1,1.5124863927942966,798.8394437763392,835.3006306409261
fast_symmetric,guarded_iqs,1.125,1.5138825710095476,798.8394437763392,835.3006306409261
fast_symmetric,guarded_iqs,1.1500000000000001,1.5152804737354015,798.8394437763392,835.3006306409261
fast_symmetric,guarded_iqs,1.175,1.516679785410859,798.8394437763392,835.3006306409261
fast_symmetric,guarded_iqs,1.2000000000000002,1.518080421339349,798.8394437763392,835.3006306409261
fast_symmetric,guarded_iqs,1.225,1.51948235942506,798.8394437763392,835.3006306409261
fast_symmetric,guarded_iqs,1.25,1.5208855945474773,798.8633846494424,835.3451220666286
fast_symmetric,guarded_iqs,1.2750000000000001,1.5221625734482696,798.8633846494424,835.3451220666286
fast_symmetric,guarded_iqs,1.3,1.5235333211482969,798.8633846494424,835.3451220666286
fast_symmetric,guarded_iqs,1.3250000000000002,1.5249304384076507,798.8633846494424,835.3451220666286
fast_symmetric,guarded_iqs,1.35,1.5263356519727886,798.8633846494424,835.3451220666286
fast_symmetric,guarded_iqs,1.375,1.5277440082438212,798.8633846494424,835.3451220666286
fast_symmetric,guarded_iqs,1.4000000000000001,1.5291541650135736,798.8633846494424,835.3451220666286
fast_symmetric,guarded_iqs,1.425,1.5305657592413884,798.8633846494424,835.3451220666286
fast_symmetric,guarded_iqs,1.4500000000000002,1.5319786933716237,798.8633846494424,835.3451220666286
fast_symmetric,guarded_iqs,1.475,1.53339294183075,798.8633846494424,835.3451220666286
fast_symmetric,guarded_iqs,1.5,1.5348084985628974,798.8879420252338,835.3906963539573
fast_symmetric,guarded_iqs,1.5250000000000001,1.5360930752948314,798.8879420252338,835.3906963539573
fast_symmetric,guarded_iqs,1.55,1.5374748680504586,798.8879420252338,835.3906963539573
fast_symmetric,guarded_iqs,1.5750000000000002,1.5388839706631232,798.8879420252338,835.3906963539573
fast_symmetric,guarded_iqs,1.6,1.5403014318426973,798.8879420252338,835.3906963539573
fast_symmetric,guarded_iqs,1.625,1.5417221146104874,798.8879420252338,835.3906963539573
fast_symmetric,guarded_iqs,1.6500000000000001,1.543144627168773,798.8879420252338,835.3906963539573
fast_symmetric,guarded_iqs,1.675,1.5445685930716389,798.8879420252338,835.3906963539573
fast_symmetric,guarded_iqs,1.7000000000000002,1.5459939111445375,798.8879420252338,835.3906963539573
fast_symmetric,guarded_iqs,1.725,1.547420554842411,798.8879420252338,835.3906963539573
fast_symmetric,guarded_iqs,1.75,1.5488485178537166,798.9131206088474,835.4373598464476
fast_symmetric,guarded_iqs,1.7750000000000001,1.5501406529145603,798.9131206088474,835.4373598464476
fast_symmetric,guarded_iqs,1.8,1.551533541825821,798.9131206088474,835.4373598464476
fast_symmetric,guarded_iqs,1.8250000000000002,1.552954705269363,798.9131206088474,835.4373598464476
fast_symmetric,guarded_iqs,1.85,1.5543844961301967,798.9131206088474,835.4373598464476
fast_symmetric,guarded_iqs,1.875,1.5558175892725095,798.9131206088474,835.4373598464476
fast_symmetric,guarded_iqs,1.9000000000000001,1.5572525420248304,798.9131206088474,835.4373598464476
fast_symmetric,guarded_iqs,1.925,1.5586889641909685,798.9131206088474,835.4373598464476
fast_symmetric,guarded_iqs,1.9500000000000002,1.5601267508854935,798.9131206088474,835.4373598464476
fast_symmetric,guarded_iqs,1.975,1.5615658745668053,798.9131206088474,835.4373598464476
fast_symmetric,guarded_iqs,2.0,1.5630063286609381,798.9389251601337,835.485119560868
fast_symmetric,guarded_iqs,2.025,1.5643059698187554,798.9389251601337,835.485119560868
fast_symmetric,guarded_iqs,2.0500000000000003,1.5657100024167254,798.9389251601337,835.485119560868
fast_symmetric,guarded_iqs,2.075,1.567143301063907,798.9389251601337,835.485119560868
fast_symmetric,guarded_iqs,2.1,1.5685855032294274,798.9389251601337,835.485119560868
fast_symmetric,guarded_iqs,2.125,1.570031090358227,798.9389251601337,835.485119560868
fast_symmetric,guarded_iqs,2.15,1.5714785674910463,798.9389251601337,835.485119560868
fast_symmetric,guarded_iqs,2.1750000000000003,1.572927530302263,798.9389251601337,835.485119560868
fast_symmetric,guarded_iqs,2.2,1.5743778700932722,798.9389251601337,835.485119560868
fast_symmetric,guarded_iqs,2.225,1.5758295582986273,798.9389251601337,835.485119560868
fast_symmetric,guarded_iqs,2.25,1.5772825880746153,798.9653604642991,835.5339826584368
fast_symmetric,guarded_iqs,2.275,1.578589720643906,798.9653604642991,835.5339826584368
fast_symmetric,guarded_iqs,2.3000000000000003,1.5800049548250337,798.9653604642991,835.5339826584368
fast_symmetric,guarded_iqs,2.325,1.5814504660388735,798.9653604642991,835.5339826584368
fast_symmetric,guarded_iqs,2.35,1.5829051621223573,798.9653604642991,835.5339826584368
fast_symmetric,guarded_iqs,2.375,1.584363327295975,798.9653604642991,835.5339826584368
fast_symmetric,guarded_iqs,2.4000000000000004,1.5858234132953057,798.9653604642991,835.5339826584368
fast_symmetric,guarded_iqs,2.4250000000000003,1.5872850013924757,798.9653604642991,835.5339826584368
fast_symmetric,guarded_iqs,2.45,1.58874797900301,798.9653604642991,835.5339826584368
fast_symmetric,guarded_iqs,2.475,1.5902123165182247,798.9653604642991,835.5339826584368
fast_symmetric,guarded_iqs,2.5,1.591678006819401,798.992431334168,835.583956352264
fast_symmetric,guarded_iqs,2.5250000000000004,1.592992611640316,798.992431334168,835.583956352264
fast_symmetric,guarded_iqs,2.5500000000000003,1.594419103983041,798.992431334168,835.583956352264
fast_symmetric,guarded_iqs,2.575,1.5958769046430423,798.992431334168,835.583956352264
fast_symmetric,guarded_iqs,2.6,1.5973441769939285,798.992431334168,835.583956352264
fast_symmetric,guarded_iqs,2.625,1.5988150040648716,798.992431334168,835.583956352264
fast_symmetric,guarded_iqs,2.6500000000000004,1.600287783224834,798.992431334168,835.583956352264
fast_symmetric,guarded_iqs,2.6750000000000003,1.601762081060317,798.992431334168,835.583956352264
fast_symmetric,guarded_iqs,2.7,1.6032377810252143,798.992431334168,835.583956352264
fast_symmetric,guarded_iqs,2.725,1.604714852447074,798.992431334168,835.583956352264
fast_symmetric,guarded_iqs,2.75,1.6061932879270286,799.0201426099862,835.6350479019529
fast_symmetric,guarded_iqs,2.7750000000000004,1.6075153452696038,799.0201426099862,835.6350479019529
fast_symmetric,guarded_iqs,2.8000000000000003,1.608953152366926,799.0201426099862,835.6350479019529
fast_symmetric,guarded_iqs,2.825,1.6104233195195448,799.0201426099862,835.6350479019529
fast_symmetric,guarded_iqs,2.85,1.6119032506939321,799.0201426099862,835.6350479019529
fast_symmetric,guarded_iqs,2.875,1.6133868237313755,799.0201426099862,835.6350479019529
fast_symmetric,guarded_iqs,2.9000000000000004,1.6148723805655885,799.0201426099862,835.6350479019529
fast_symmetric,guarded_iqs,2.9250000000000003,1.6163594728118675,799.0201426099862,835.6350479019529
fast_symmetric,guarded_iqs,2.95,1.6178479798858694,799.0201426099862,835.6350479019529
fast_symmetric,guarded_iqs,2.975,1.6193378700312944,799.0201426099862,835.6350479019529
fast_symmetric,guarded_iqs,3.0,1.6208291355634068,799.0484991593534,835.6872646131476
asymmetric,full,0.0,1.0,798.7976316203597,835.2226504778912
asymmetric,full,0.05,1.0,798.7976316203597,835.2226504778912
asymmetric,full,0.1,1.0,798.7976316203597,835.2226504778912
asymmetric,full,0.15000000000000002,1.0,798.7976316203597,835.2226504778912
asymmetric,full,0.2,1.0,798.7976316203597,835.2226504778912
asymmetric,full,0.25,1.0,798.7976316203597,835.2226504778912
asymmetric,full,0.30000000000000004,1.0,798.7976316203597,835.2226504778912
asymmetric,full,0.35000000000000003,1.0,798.7976316203597,835.2226504778912
asymmetric,full,0.4,1.0,798.7976316203597,835.2226504778912
asymmetric,full,0.45,1.0,798.7976316203597,835.2226504778912
asymmetric,full,0.5,1.0,798.7976316203597,835.2226504778912
asymmetric,full,0.55,1.0,798.7976316203597,835.2226504778912
asymmetric,full,0.6000000000000001,1.0338506740981215,798.7976316203597,835.2226504778912
asymmetric,full,0.65,1.0379179590376681,798.7976316203597,835.2226504778912
asymmetric,full,0.7000000000000001,1.038563660162724,798.7976316203597,835.2226504778912
asymmetric,full,0.75,1.03875591975346,798.7976316203597,835.2226504778912
asymmetric,full,0.8,1.0861904810479381,798.7976316203597,835.2226504778912
asymmetric,full,0.8500000000000001,1.0922541661295555,798.7976316203597,835.2226504778912
asymmetric,full,0.9,1.0933336316224427,798.7976316203597,835.2226504778912
asymmetric,full,0.9500000000000001,1.0938803937617152,798.7976316203597,835.2226504778912
asymmetric,full,1.0,1.0942500547104488,798.8033035234433,835.2339833204001
asymmetric,full,1.05,1.1547986531173382,798.8033035234433,835.2339833204001
asymmetric,full,1.1,1.1632995220950386,798.8033035234433,835.2339833204001
asymmetric,full,1.1500000000000001,1.1649933033464492,798.8033035234433,835.2339833204001
asymmetric,full,1.2000000000000002,1.1729886932251488,798.8033035234433,835.2339833204001
asymmetric,full,1.25,1.1746730272146044,798.8033035234433,835.2339833204001
asymmetric,full,1.3,1.175651169668258,798.8033035234433,835.2339833204001
asymmetric,full,1.35,1.1764771460619678,798.8033035234433,835.2339833204001
asymmetric,full,1.4000000000000001,1.1849330576218966,798.8033035234433,835.2339833204001
asymmetric,full,1.4500000000000002,1.186727801026929,798.8033035234433,835.2339833204001
asymmetric,full,1.5,1.1877795871173094,798.8195164285928,835.2664377437483
asymmetric,full,1.55,1.1885715079504018,798.8195164285928,835.2664377437483
asymmetric,full,1.6,1.2029509809871355,798.8195164285928,835.2664377437483
asymmetric,full,1.6500000000000001,1.205657068487078,798.8195164285928,835.2664377437483
asymmetric,full,1.7000000000000002,1.206829147953703,798.8195164285928,835.2664377437483
asymmetric,full,1.75,1.207795629464869,798.8195164285928,835.2664377437483
asymmetric,full,1.8,1.2087332603946925,798.8195164285928,835.2664377437483
asymmetric,full,1.85,1.2319696111444376,798.8195164285928,835.2664377437483
asymmetric,full,1.9000000000000001,1.235985491538698,798.8195164285928,835.2664377437483
asymmetric,full,1.9500000000000002,1.2374849252012057,798.8195164285928,835.2664377437483
asymmetric,full,2.0,1.279964728427917,798.8400064425094,835.3070648031579
asymmetric,full,2.0500000000000003,1.2869419760816978,798.8400064425094,835.3070648031579
asymmetric,full,2.1,1.289021335906628,798.8400064425094,835.3070648031579
asymmetric,full,2.15,1.29057146745819,798.8400064425094,835.3070648031579
asymmetric,full,2.2,1.2919400494346769,798.8400064425094,835.3070648031579
asymmetric,full,2.25,1.305067753261392,798.8400064425094,835.3070648031579
asymmetric,full,2.3000000000000003,1.308151290951546,798.8400064425094,835.3070648031579
asymmetric,full,2.35,1.309782345480048,798.8400064425094,835.3070648031579
asymmetric,full,2.4000000000000004,1.328958413135699,798.8400064425094,835.3070648031579
asymmetric,full,2.45,1.3330045946904883,798.8400064425094,835.3070648031579
asymmetric,full,2.5,1.3349575896252417,798.8685704185007,835.3633383137649
asymmetric,full,2.5500000000000003,1.3364502931900664,798.8685704185007,835.3633383137649
asymmetric,full,2.6,1.337993162818453,798.8685704185007,835.3633383137649
asymmetric,full,2.6500000000000004,1.3395750189829727,798.8685704185007,835.3633383137649
asymmetric,full,2.7,1.341167388311155,798.8685704185007,835.3633383137649
asymmetric,full,2.75,1.3427365692563233,798.8685704185007,835.3633383137649
asymmetric,full,2.8000000000000003,1.3442795793750064,798.8685704185007,835.3633383137649
asymmetric,full,2.85,1.345867587494693,798.8685704185007,835.3633383137649
asymmetric,full,2.9000000000000004,1.3474062656047132,798.8685704185007,835.3633383137649
asymmetric,full,2.95,1.3489687715907634,798.8685704185007,835.3633383137649
asymmetric,full,3.0,1.350516847895459,798.9003834994876,835.4259145923214
asymmetric,full,3.0500000000000003,1.3518672593171188,798.9003834994876,835.4259145923214
asymmetric,full,3.1,1.3533239200228104,798.9003834994876,835.4259145923214
asymmetric,full,3.1500000000000004,1.3548625993870609,798.9003834994876,835.4259145923214
asymmetric,full,3.2,1.3564539880894024,798.9003834994876,835.4259145923214
asymmetric,full,3.25,1.35805740940109,798.9003834994876,835.4259145923214
asymmetric,full,3.3000000000000003,1.3596774671703127,798.9003834994876,835.4259145923214
asymmetric,full,3.35,1.3612794933296593,798.9003834994876,835.4259145923214
asymmetric,full,3.4000000000000004,1.3629003175094647,798.9003834994876,835.4259145923214
asymmetric,full,3.45,1.3644628083121404,798.9003834994876,835.4259145923214
asymmetric,full,3.5,1.3660261131622744,798.9335507685249,835.4908804829831
asymmetric,full,3.5500000000000003,1.3674094372223562,798.9335507685249,835.4908804829831
asymmetric,full,3.6,1.3690016059525132,798.9335507685249,835.4908804829831
asymmetric,full,3.6500000000000004,1.3705907357495133,798.9335507685249,835.4908804829831
asymmetric,full,3.7,1.372092470729573,798.9335507685249,835.4908804829831
asymmetric,full,3.75,1.3736095087811293,798.9335507685249,835.4908804829831
asymmetric,full,3.8000000000000003,1.3751847096433338,798.9335507685249,835.4908804829831
asymmetric,full,3.85,1.376796418488696,798.9335507685249,835.4908804829831
asymmetric,full,3.9000000000000004,1.3784548141700252,798.9335507685249,835.4908804829831
asymmetric,full,3.95,1.380075097014382,798.9335507685249,835.4908804829831
asymmetric,full,4.0,1.3817212706108633,798.9680884839238,835.558259981531
asymmetric,full,4.05,1.383082167812152,798.9680884839238,835.558259981531
asymmetric,full,4.1000000000000005,1.3846544281617974,798.9680884839238,835.558259981531
asymmetric,full,4.15,1.3862462352181582,798.9680884839238,835.558259981531
asymmetric,full,4.2,1.3877690126522055,798.9680884839238,835.558259981531
asymmetric,full,4.25,1.3893588776584564,798.9680884839238,835.558259981531
asymmetric,full,4.3,1.3909548640888074,798.9680884839238,835.558259981531
asymmetric,full,4.3500000000000005,1.392633693227161,798.9680884839238,835.558259981531
asymmetric,full,4.4,1.3942710277881019,798.9680884839238,835.558259981531
asymmetric,full,4.45,1.3959330155253504,798.9680884839238,835.558259981531
asymmetric,full,4.5,1.3973953931915934,799.0040060046272,835.6280626239985
asymmetric,full,4.55,1.3988430894452857,799.0040060046272,835.6280626239985
asymmetric,full,4.6000000000000005,1.4004866443673842,799.0040060046272,835.6280626239985
asymmetric,full,4.65,1.4021237537810647,799.0040060046272,835.6280626239985
asymmetric,full,4.7,1.4037056994435346,799.0040060046272,835.6280626239985
asymmetric,full,4.75,1.4052763407762363,799.0040060046272,835.6280626239985
asymmetric,full,4.800000000000001,1.4069008029913075,799.0040060046272,835.6280626239985
asymmetric,full,4.8500000000000005,1.4085762014322933,799.0040060046272,835.6280626239985
asymmetric,full,4.9,1.4102436475166842,799.0040060046272,835.6280626239985
asymmetric,full,4.95,1.4118768899842813,799.0040060046272,835.6280626239985
asymmetric,full,5.0,1.4133820995582798,799.0413165434991,835.7003053680694
asymmetric,full,5.050000000000001,1.4148063875492016,799.0413165434991,835.7003053680694
asymmetric,full,5.1000000000000005,1.4164990189536701,799.0413165434991,835.7003053680694
asymmetric,full,5.15,1.4181391160308818,799.0413165434991,835.7003053680694
asymmetric,full,5.2,1.4198196459597048,799.0413165434991,835.7003053680694
asymmetric,full,5.25,1.4213806962014721,799.0413165434991,835.7003053680694
asymmetric,full,5.300000000000001,1.4229515839329046,799.0413165434991,835.7003053680694
asymmetric,full,5.3500000000000005,1.4245895356133227,799.0413165434991,835.7003053680694
asymmetric,full,5.4,1.4262628882296882,799.0413165434991,835.7003053680694
asymmetric,full,5.45,1.4279703706288185,799.0413165434991,835.7003053680694
asymmetric,full,5.5,1.4296297270528546,799.0800310822375,835.7750010933701
asymmetric,full,5.550000000000001,1.4310546918650315,799.0800310822375,835.7750010933701
asymmetric,full,5.6000000000000005,1.432636046992538,799.0800310822375,835.7750010933701
asymmetric,full,5.65,1.4343241373911235,799.0800310822375,835.7750010933701
asymmetric,full,5.7,1.4359845763290238,799.0800310822375,835.7750010933701
asymmetric,full,5.75,1.4376358599455061,799.0800310822375,835.7750010933701
asymmetric,full,5.800000000000001,1.4391916341728577,799.0800310822375,835.7750010933701
asymmetric,full,5.8500000000000005,1.4408418959741494,799.0800310822375,835.7750010933701
asymmetric,full,5.9,1.4425450506035025,799.0800310822375,835.7750010933701
asymmetric,full,5.95,1.4442857392291057,799.0800310822375,835.7750010933701
asymmetric,full,6.0,1.4459568463563053,799.1201629671223,835.852167286053
asymmetric,adiabatic,0.0,1.0,798.7976316203597,835.2226504778912
asymmetric,adiabatic,0.05,1.0,798.7976316203597,835.2226504778912
asymmetric,adiabatic,0.1,1.0,798.7976316203597,835.2226504778912
asymmetric,adiabatic,0.15000000000000002,1.0,798.7976316203597,835.2226504778912
asymmetric,adiabatic,0.2,1.0,798.7976316203597,835.2226504778912
asymmetric,adiabatic,0.25,1.0,798.7976316203597,835.2226504778912
asymmetric,adiabatic,0.30000000000000004,1.0,798.7976316203597,835.2226504778912
asymmetric,adiabatic,0.35000000000000003,1.0,798.7976316203597,835.2226504778912
asymmetric,adiabatic,0.4,1.0,798.7976316203597,835.2226504778912
asymmetric,adiabatic,0.45,1.0,798.7976316203597,835.2226504778912
asymmetric,adiabatic,0.5,1.0,798.7976316203597,835.2226504778912
asymmetric,adiabatic,0.55,1.0000000000001183,798.7976316203597,835.2226504778912
asymmetric,adiabatic,0.6000000000000001,1.0255444156591456,798.7976316203597,835.2226504778912
asymmetric,adiabatic,0.65,1.028552778110404,798.7976316203597,835.2226504778912
asymmetric,adiabatic,0.7000000000000001,1.0289971566546223,798.7976316203597,835.2226504778912
asymmetric,adiabatic,0.75,1.0291498343824639,798.7976316203597,835.2226504778912
asymmetric,adiabatic,0.8,1.0492063467327473,798.7976316203597,835.2226504778912
asymmetric,adiabatic,0.8500000000000001,1.0517177865715444,798.7976316203597,835.2226504778912
asymmetric,adiabatic,0.9,1.0521946196460341,798.7976316203597,835.2226504778912
asymmetric,adiabatic,0.9500000000000001,1.0524355431653756,798.7976316203597,835.2226504778912
asymmetric,adiabatic,1.0,1.052649146078754,798.801082031598,835.2296979542858
asymmetric,adiabatic,1.05,1.119976146057976,798.801082031598,835.2296979542858
asymmetric,adiabatic,1.1,1.1287780241795409,798.801082031598,835.2296979542858
asymmetric,adiabatic,1.1500000000000001,1.1303518111755007,798.801082031598,835.2296979542858
asymmetric,adiabatic,1.2000000000000002,1.1347378396641767,798.801082031598,835.2296979542858
asymmetric,adiabatic,1.25,1.1357863475348136,798.801082031598,835.2296979542858
asymmetric,adiabatic,1.3,1.1364215573495506,798.801082031598,835.2296979542858
asymmetric,adiabatic,1.35,1.1370058116704829,798.801082031598,835.2296979542858
asymmetric,adiabatic,1.4000000000000001,1.1406594978505877,798.801082031598,835.2296979542858
asymmetric,adiabatic,1.4500000000000002,1.1416344251361537,798.801082031598,835.2296979542858
asymmetric,adiabatic,1.5,1.1422768042827782,798.8136249926774,835.2551291774697
asymmetric,adiabatic,1.55,1.181072995961593,798.8136249926774,835.2551291774697
asymmetric,adiabatic,1.6,1.193570293211914,798.8136249926774,835.2551291774697
asymmetric,adiabatic,1.6500000000000001,1.1959297780649354,798.8136249926774,835.2551291774697
asymmetric,adiabatic,1.7000000000000002,1.196980147391629,798.8136249926774,835.2551291774697
asymmetric,adiabatic,1.75,1.197861932806859,798.8136249926774,835.2551291774697
asymmetric,adiabatic,1.8,1.1987224737559397,798.8136249926774,835.2551291774697
asymmetric,adiabatic,1.85,1.206490480482341,798.8136249926774,835.2551291774697
asymmetric,adiabatic,1.9000000000000001,1.2082837423099353,798.8136249926774,835.2551291774697
asymmetric,adiabatic,1.9500000000000002,1.209301322124198,798.8136249926774,835.2551291774697
asymmetric,adiabatic,2.0,1.2160725260107939,798.8322522544253,835.2926259402202
asymmetric,adiabatic,2.0500000000000003,1.2748577541509467,798.8322522544253,835.2926259402202
asymmetric,adiabatic,2.1,1.2840703032143426,798.8322522544253,835.2926259402202
asymmetric,adiabatic,2.15,1.2864750467297195,798.8322522544253,835.2926259402202
asymmetric,adiabatic,2.2,1.2879458857596962,798.8322522544253,835.2926259402202
asymmetric,adiabatic,2.25,1.2993042251079694,798.8322522544253,835.2926259402202
asymmetric,adiabatic,2.3000000000000003,1.3020777876905154,798.8322522544253,835.2926259402202
asymmetric,adiabatic,2.35,1.3036643832091843,798.8322522544253,835.2926259402202
asymmetric,adiabatic,2.4000000000000004,1.315291726393008,798.8322522544253,835.2926259402202
asymmetric,adiabatic,2.45,1.318179366734053,798.8322522544253,835.2926259402202
asymmetric,adiabatic,2.5,1.3198493188652984,798.8600289254757,835.3478583747539
asymmetric,adiabatic,2.5500000000000003,1.331026327226173,798.8600289254757,835.3478583747539
asymmetric,adiabatic,2.6,1.3339240340841965,798.8600289254757,835.3478583747539
asymmetric,adiabatic,2.6500000000000004,1.3356596972308268,798.8600289254757,835.3478583747539
asymmetric,adiabatic,2.7,1.337233584400678,798.8600289254757,835.3478583747539
asymmetric,adiabatic,2.75,1.33878627592314,798.8600289254757,835.3478583747539
asymmetric,adiabatic,2.8000000000000003,1.3403375308713608,798.8600289254757,835.3478583747539
asymmetric,adiabatic,2.85,1.3418901279900748,798.8600289254757,835.3478583747539
asymmetric,adiabatic,2.9000000000000004,1.3434444595951047,798.8600289254757,835.3478583747539
asymmetric,adiabatic,2.95,1.3450005826135132,798.8600289254757,835.3478583747539
asymmetric,adiabatic,3.0,1.3465585068384975,798.8914810407953,835.4102463152173
asymmetric,adiabatic,3.0500000000000003,1.3475856479145474,798.8914810407953,835.4102463152173
asymmetric,adiabatic,3.1,1.3490708662104949,798.8914810407953,835.4102463152173
asymmetric,adiabatic,3.1500000000000004,1.3506220353358336,798.8914810407953,835.4102463152173
asymmetric,adiabatic,3.2,1.3521840300664791,798.8914810407953,835.4102463152173
asymmetric,adiabatic,3.25,1.3537491024310584,798.8914810407953,835.4102463152173
asymmetric,adiabatic,3.3000000000000003,1.3553161649833274,798.8914810407953,835.4102463152173
asymmetric,adiabatic,3.35,1.3568850666477872,798.8914810407953,835.4102463152173
asymmetric,adiabatic,3.4000000000000004,1.3584557879905657,798.8914810407953,835.4102463152173
asymmetric,adiabatic,3.45,1.3600283280867609,798.8914810407953,835.4102463152173
asymmetric,adiabatic,3.5,1.3616026886155315,798.9242665644546,835.4749675274587
asymmetric,adiabatic,3.5500000000000003,1.3630066614435175,798.9242665644546,835.4749675274587
asymmetric,adiabatic,3.6,1.3645593918655605,798.9242665644546,835.4749675274587
asymmetric,adiabatic,3.6500000000000004,1.3661346006847273,798.9242665644546,835.4749675274587
asymmetric,adiabatic,3.7,1.367714539011507,798.9242665644546,835.4749675274587
asymmetric,adiabatic,3.75,1.369296713751486,798.9242665644546,835.4749675274587
asymmetric,adiabatic,3.8000000000000003,1.370880776275724,798.9242665644546,835.4749675274587
asymmetric,adiabatic,3.85,1.3724666793986249,798.9242665644546,835.4749675274587
asymmetric,adiabatic,3.9000000000000004,1.3740544183097887,798.9242665644546,835.4749675274587
asymmetric,adiabatic,3.95,1.3756439941574627,798.9242665644546,835.4749675274587
asymmetric,adiabatic,4.0,1.3772354089294998,798.9584183880912,835.5420801242059
asymmetric,adiabatic,4.05,1.3786475875819326,798.9584183880912,835.5420801242059
asymmetric,adiabatic,4.1000000000000005,1.380216109421569,798.9584183880912,835.5420801242059
asymmetric,adiabatic,4.15,1.3818081889642677,798.9584183880912,835.5420801242059
asymmetric,adiabatic,4.2,1.3834051652156187,798.9584183880912,835.5420801242059
asymmetric,adiabatic,4.25,1.385004417230627,798.9584183880912,835.5420801242059
asymmetric,adiabatic,4.3,1.386605578474218,798.9584183880912,835.5420801242059
asymmetric,adiabatic,4.3500000000000005,1.388208599267752,798.9584183880912,835.5420801242059
asymmetric,adiabatic,4.4,1.3898134744686452,798.9584183880912,835.5420801242059
asymmetric,adiabatic,4.45,1.391420205195702,798.9584183880912,835.5420801242059
asymmetric,adiabatic,4.5,1.3930287934500385,798.9939489893221,835.6116004331279
asymmetric,adiabatic,4.55,1.3944482182963054,798.9939489893221,835.6116004331279
asymmetric,adiabatic,4.6000000000000005,1.3960324972915032,798.9939489893221,835.6116004331279
asymmetric,adiabatic,4.65,1.3976415429861666,798.9939489893221,835.6116004331279
asymmetric,adiabatic,4.7,1.3992556708094235,798.9939489893221,835.6116004331279
asymmetric,adiabatic,4.75,1.4008721163488123,798.9939489893221,835.6116004331279
asymmetric,adiabatic,4.800000000000001,1.4024904929753865,798.9939489893221,835.6116004331279
asymmetric,adiabatic,4.8500000000000005,1.4041107482109527,798.9939489893221,835.6116004331279
asymmetric,adiabatic,4.9,1.405732876537652,798.9939489893221,835.6116004331279
asymmetric,adiabatic,4.95,1.4073568790389357,798.9939489893221,835.6116004331279
asymmetric,adiabatic,5.0,1.4089827577280916,799.0308701598813,835.6835433943265
asymmetric,adiabatic,5.050000000000001,1.4104100966513449,799.0308701598813,835.6835433943265
asymmetric,adiabatic,5.1000000000000005,1.4120103272054143,799.0308701598813,835.6835433943265
asymmetric,adiabatic,5.15,1.4136364665212593,799.0308701598813,835.6835433943265
asymmetric,adiabatic,5.2,1.4152678639648422,799.0308701598813,835.6835433943265
asymmetric,adiabatic,5.25,1.4169016197920434,799.0308701598813,835.6835433943265
asymmetric,adiabatic,5.300000000000001,1.4185373284307674,799.0308701598813,835.6835433943265
asymmetric,adiabatic,5.3500000000000005,1.420174934766037,799.0308701598813,835.6835433943265
asymmetric,adiabatic,5.4,1.4218144329276645,799.0308701598813,835.6835433943265
asymmetric,adiabatic,5.45,1.4234558239671287,799.0308701598813,835.6835433943265
asymmetric,adiabatic,5.5,1.425099109910344,799.0691938316967,835.757924251384
asymmetric,adiabatic,5.550000000000001,1.4265334405324512,799.0691938316967,835.757924251384
asymmetric,adiabatic,5.6000000000000005,1.4281495916471618,799.0691938316967,835.757924251384
asymmetric,adiabatic,5.65,1.4297929184017486,799.0691938316967,835.757924251384
asymmetric,adiabatic,5.7,1.4314416967977033,799.0691938316967,835.757924251384
asymmetric,adiabatic,5.75,1.4330928767396462,799.0691938316967,835.757924251384
asymmetric,adiabatic,5.800000000000001,1.4347460316100271,799.0691938316967,835.757924251384
asymmetric,adiabatic,5.8500000000000005,1.4364011033627897,799.0691938316967,835.757924251384
asymmetric,adiabatic,5.9,1.4380580857342091,799.0691938316967,835.757924251384
asymmetric,adiabatic,5.95,1.439716979737815,799.0691938316967,835.757924251384
asymmetric,adiabatic,6.0,1.4413777874114495,799.1089319089913,835.8347582065072
asymmetric,iqs,0.0,1.0,798.7976316203597,835.2226504778912
asymmetric,iqs,0.05,1.0,798.7976316203597,835.2226504778912
asymmetric,iqs,0.1,1.0,798.7976316203597,835.2226504778912
asymmetric,iqs,0.15000000000000002,1.0,798.7976316203597,835.2226504778912
asymmetric,iqs,0.2,1.0,798.7976316203597,835.2226504778912
asymmetric,iqs,0.25,1.0,798.7976316203597,835.2226504778912
asymmetric,iqs,0.30000000000000004,1.0,798.7976316203597,835.2226504778912
asymmetric,iqs,0.35000000000000003,1.0,798.7976316203597,835.2226504778912
asymmetric,iqs,0.4,1.0,798.7976316203597,835.2226504778912
asymmetric,iqs,0.45,1.0,798.7976316203597,835.2226504778912
asymmetric,iqs,0.5,1.0,798.7976316203597,835.2226504778912
asymmetric,iqs,0.55,1.00000000000003,798.7976316203597,835.2226504778912
asymmetric,iqs,0.6000000000000001,1.025544415658971,798.7976316203597,835.2226504778912
asymmetric,iqs,0.65,1.0285527781102133,798.7976316203597,835.2226504778912
asymmetric,iqs,0.7000000000000001,1.0289971566544287,798.7976316203597,835.2226504778912
asymmetric,iqs,0.75,1.0291498343822694,798.7976316203597,835.2226504778912
asymmetric,iqs,0.8,1.0492063467324684,798.7976316203597,835.2226504778912
asymmetric,iqs,0.8500000000000001,1.05171778657125,798.7976316203597,835.2226504778912
asymmetric,iqs,0.9,1.0521946196457364,798.7976316203597,835.2226504778912
asymmetric,iqs,0.9500000000000001,1.0524355431650765,798.7976316203597,835.2226504778912
asymmetric,iqs,1.0,1.052649146078454,798.801082031598,835.2296979542824
asymmetric,iqs,1.05,1.119801273476532,798.801082031598,835.2296979542824
asymmetric,iqs,1.1,1.1285791877362512,798.801082031598,835.2296979542824
asymmetric,iqs,1.1500000000000001,1.1301489840216403,798.801082031598,835.2296979542824
asymmetric,iqs,1.2000000000000002,1.1345124363374086,798.801082031598,835.2296979542824
asymmetric,iqs,1.25,1.1355570972466824,798.801082031598,835.2296979542824
asymmetric,iqs,1.3,1.136190863522216,798.801082031598,835.2296979542824
asymmetric,iqs,1.35,1.1367739815519433,798.801082031598,835.2296979542824
asymmetric,iqs,1.4000000000000001,1.1404089328047646,798.801082031598,835.2296979542824
asymmetric,iqs,1.4500000000000002,1.1413803999350485,798.801082031598,835.2296979542824
asymmetric,iqs,1.5,1.1420212878669458,798.813604016543,835.2548866147072
asymmetric,iqs,1.55,1.180309691013448,798.813604016543,835.2548866147072
asymmetric,iqs,1.6,1.1926657237858822,798.813604016543,835.2548866147072
asymmetric,iqs,1.6500000000000001,1.1950017421485606,798.813604016543,835.2548866147072
asymmetric,iqs,1.7000000000000002,1.1960447800668967,798.813604016543,835.2548866147072
asymmetric,iqs,1.75,1.1969214320888866,798.813604016543,835.2548866147072
asymmetric,iqs,1.8,1.1977771334379903,798.813604016543,835.2548866147072
asymmetric,iqs,1.85,1.2054691712297763,798.813604016543,835.2548866147072
asymmetric,iqs,1.9000000000000001,1.2072472697956962,798.813604016543,835.2548866147072
asymmetric,iqs,1.9500000000000002,1.2082581696098802,798.813604016543,835.2548866147072
asymmetric,iqs,2.0,1.2149629795767496,798.8321417064963,835.291862823065
asymmetric,iqs,2.0500000000000003,1.2748320568002969,798.8321417064963,835.291862823065
asymmetric,iqs,2.1,1.284192409219711,798.8321417064963,835.291862823065
asymmetric,iqs,2.15,1.2866174220794135,798.8321417064963,835.291862823065
asymmetric,iqs,2.2,1.2880911554914427,798.8321417064963,835.291862823065
asymmetric,iqs,2.25,1.2993406930651605,798.8321417064963,835.291862823065
asymmetric,iqs,2.3000000000000003,1.3020983489538054,798.8321417064963,835.291862823065
asymmetric,iqs,2.35,1.303682169329158,798.8321417064963,835.291862823065
asymmetric,iqs,2.4000000000000004,1.315195321922328,798.8321417064963,835.291862823065
asymmetric,iqs,2.45,1.3180653493244572,798.8321417064963,835.291862823065
asymmetric,iqs,2.5,1.319731542608794,798.8599199753784,835.3466635192631
asymmetric,iqs,2.5500000000000003,1.3307909796964343,798.8599199753784,835.3466635192631
asymmetric,iqs,2.6,1.3336696030879927,798.8599199753784,835.3466635192631
asymmetric,iqs,2.6500000000000004,1.3354004960715662,798.8599199753784,835.3466635192631
asymmetric,iqs,2.7,1.3369716872077004,798.8599199753784,835.3466635192631
asymmetric,iqs,2.75,1.3385219792275014,798.8599199753784,835.3466635192631
asymmetric,iqs,2.8000000000000003,1.3400708732955615,798.8599199753784,835.3466635192631
asymmetric,iqs,2.85,1.3416211107679057,798.8599199753784,835.3466635192631
asymmetric,iqs,2.9000000000000004,1.3431730785390295,798.8599199753784,835.3466635192631
asymmetric,iqs,2.95,1.344726832744234,798.8599199753784,835.3466635192631
asymmetric,iqs,3.0,1.3462823830547095,798.8913480160775,835.4085291208203
asymmetric,iqs,3.0500000000000003,1.3476885201766489,798.8913480160775,835.4085291208203
asymmetric,iqs,3.1,1.349227194197057,798.8913480160775,835.4085291208203
asymmetric,iqs,3.1500000000000004,1.3507860505394615,798.8913480160775,835.4085291208203
asymmetric,iqs,3.2,1.3523492979595126,798.8913480160775,835.4085291208203
asymmetric,iqs,3.25,1.3539147185711757,798.8913480160775,835.4085291208203
asymmetric,iqs,3.3000000000000003,1.355482002420192,798.8913480160775,835.4085291208203
asymmetric,iqs,3.35,1.3570511077412577,798.8913480160775,835.4085291208203
asymmetric,iqs,3.4000000000000004,1.3586220304689842,798.8913480160775,835.4085291208203
asymmetric,iqs,3.45,1.3601947718394225,798.8913480160775,835.4085291208203
asymmetric,iqs,3.5,1.3617693338358787,798.9241488648951,835.4728272275846
asymmetric,iqs,3.5500000000000003,1.363163447285309,798.9241488648951,835.4728272275846
asymmetric,iqs,3.6,1.3647149588140495,798.9241488648951,835.4728272275846
asymmetric,iqs,3.6500000000000004,1.366290160477637,798.9241488648951,835.4728272275846
asymmetric,iqs,3.7,1.3678702617534726,798.9241488648951,835.4728272275846
asymmetric,iqs,3.75,1.3694526234940114,798.9241488648951,835.4728272275846
asymmetric,iqs,3.8000000000000003,1.3710368765917662,798.9241488648951,835.4728272275846
asymmetric,iqs,3.85,1.3726229709899405,798.9241488648951,835.4728272275846
asymmetric,iqs,3.9000000000000004,1.3742109014758732,798.9241488648951,835.4728272275846
asymmetric,iqs,3.95,1.3758006691416587,798.9241488648951,835.4728272275846
asymmetric,iqs,4.0,1.3773922759675081,798.9583158144151,835.5395347588335
asymmetric,iqs,4.05,1.3787951515994006,798.9583158144151,835.5395347588335
asymmetric,iqs,4.1000000000000005,1.3803625237378494,798.9583158144151,835.5395347588335
asymmetric,iqs,4.15,1.3819545966807947,798.9583158144151,835.5395347588335
asymmetric,iqs,4.2,1.3835517267577964,798.9583158144151,835.5395347588335
asymmetric,iqs,4.25,1.385151155275735,798.9583158144151,835.5395347588335
asymmetric,iqs,4.3,1.3867524963908793,798.9583158144151,835.5395347588335
asymmetric,iqs,4.3500000000000005,1.388355697718214,798.9583158144151,835.5395347588335
asymmetric,iqs,4.4,1.3899607537359493,798.9583158144151,835.5395347588335
asymmetric,iqs,4.45,1.391567665509998,798.9583158144151,835.5395347588335
asymmetric,iqs,4.5,1.3931764350343427,798.99386070154,835.6086645580186
asymmetric,iqs,4.55,1.3945872661812808,798.99386070154,835.6086645580186
asymmetric,iqs,4.6000000000000005,1.3961704885583306,798.99386070154,835.6086645580186
asymmetric,iqs,4.65,1.3977795339739627,798.99386070154,835.6086645580186
asymmetric,iqs,4.7,1.3993938097230514,798.99386070154,835.6086645580186
asymmetric,iqs,4.75,1.401010424139089,798.99386070154,835.6086645580186
asymmetric,iqs,4.800000000000001,1.4026289727617132,798.99386070154,835.6086645580186
asymmetric,iqs,4.8500000000000005,1.404249400614533,798.99386070154,835.6086645580186
asymmetric,iqs,4.9,1.4058717018295737,798.99386070154,835.6086645580186
asymmetric,iqs,4.95,1.4074958774416966,798.99386070154,835.6086645580186
asymmetric,iqs,5.0,1.4091219294575705,799.0307953862743,835.6802309701754
asymmetric,iqs,5.050000000000001,1.4105405495867294,799.0307953862743,835.6802309701754
asymmetric,iqs,5.1000000000000005,1.412139697485344,799.0307953862743,835.6802309701754
asymmetric,iqs,5.15,1.4137658242418907,799.0307953862743,835.6802309701754
asymmetric,iqs,5.2,1.41539735923271,799.0307953862743,835.6802309701754
asymmetric,iqs,5.25,1.4170312738121378,799.0307953862743,835.6802309701754
asymmetric,iqs,5.300000000000001,1.418667144347691,799.0307953862743,835.6802309701754
asymmetric,iqs,5.3500000000000005,1.4203049131942325,799.0307953862743,835.6802309701754
asymmetric,iqs,5.4,1.4219445741273191,799.0307953862743,835.6802309701754
asymmetric,iqs,5.45,1.4235861281488564,799.0307953862743,835.6802309701754
asymmetric,iqs,5.5,1.4252295772781896,799.0691317803307,835.7542488047878
asymmetric,iqs,5.550000000000001,1.4266560413512863,799.0691317803307,835.7542488047878
asymmetric,iqs,5.6000000000000005,1.4282712235993162,799.0691317803307,835.7542488047878
asymmetric,iqs,5.65,1.4299145476832915,799.0691317803307,835.7542488047878
asymmetric,iqs,5.7,1.4315634588921424,799.0691317803307,835.7542488047878
asymmetric,iqs,5.75,1.4332147907894062,799.0691317803307,835.7542488047878
asymmetric,iqs,5.800000000000001,1.4348681004641588,799.0691317803307,835.7542488047878
asymmetric,iqs,5.8500000000000005,1.4365233275887908,799.0691317803307,835.7542488047878
asymmetric,iqs,5.9,1.4381804655803214,799.0691317803307,835.7542488047878
asymmetric,iqs,5.95,1.4398395154077535,799.0691317803307,835.7542488047878
asymmetric,iqs,6.0,1.4415004791028747,799.1088818708896,835.830732446105
asymmetric,guarded_iqs,0.0,1.0,798.7976316203597,835.2226504778912
asymmetric,guarded_iqs,0.05,1.0,798.7976316203597,835.2226504778912
asymmetric,guarded_iqs,0.1,1.0,798.7976316203597,835.2226504778912
asymmetric,guarded_iqs,0.15000000000000002,1.0,798.7976316203597,835.2226504778912
asymmetric,guarded_iqs,0.2,1.0,798.7976316203597,835.2226504778912
asymmetric,guarded_iqs,0.25,1.0,798.7976316203597,835.2226504778912
asymmetric,guarded_iqs,0.30000000000000004,1.0,798.7976316203597,835.2226504778912
asymmetric,guarded_iqs,0.35000000000000003,1.0,798.7976316203597,835.2226504778912
asymmetric,guarded_iqs,0.4,1.0,798.7976316203597,835.2226504778912
asymmetric,guarded_iqs,0.45,1.0,798.7976316203597,835.2226504778912
asymmetric,guarded_iqs,0.5,1.0,798.7976316203597,835.2226504778912
asymmetric,guarded_iqs,0.55,1.00000000000003,798.7976316203597,835.2226504778912
asymmetric,guarded_iqs,0.6000000000000001,1.025544415658971,798.7976316203597,835.2226504778912
asymmetric,guarded_iqs,0.65,1.0370296358950202,798.7976316203597,835.2226504778912
asymmetric,guarded_iqs,0.7000000000000001,1.038482316145403,798.7976316203597,835.2226504778912
asymmetric,guarded_iqs,0.75,1.0387835782334984,798.7976316203597,835.2226504778912
asymmetric,guarded_iqs,0.8,1.0725116949254938,798.7976316203597,835.2226504778912
asymmetric,guarded_iqs,0.8500000000000001,1.0906482765674725,798.7976316203597,835.2226504778912
asymmetric,guarded_iqs,0.9,1.093162763874399,798.7976316203597,835.2226504778912
asymmetric,guarded_iqs,0.9500000000000001,1.093803133476106,798.7976316203597,835.2226504778912
asymmetric,guarded_iqs,1.0,1.0942187778815469,798.8030724749567,835.2335414471027
asymmetric,guarded_iqs,1.05,1.1547044889879574,798.8030724749567,835.2335414471027
asymmetric,guarded_iqs,1.1,1.163334832381783,798.8030724749567,835.2335414471027
asymmetric,guarded_iqs,1.1500000000000001,1.1650612989583697,798.8030724749567,835.2335414471027
asymmetric,guarded_iqs,1.2000000000000002,1.172001903749395,798.8030724749567,835.2335414471027
asymmetric,guarded_iqs,1.25,1.173550071306234,798.8030724749567,835.2335414471027
asymmetric,guarded_iqs,1.3,1.1744103733171305,798.8030724749567,835.2335414471027
asymmetric,guarded_iqs,1.35,1.175183304615347,798.8030724749567,835.2335414471027
asymmetric,guarded_iqs,1.4000000000000001,1.180794335123499,798.8030724749567,835.2335414471027
asymmetric,guarded_iqs,1.4500000000000002,1.186227584360059,798.8030724749567,835.2335414471027
asymmetric,guarded_iqs,1.5,1.1876359440908282,798.8191983356057,835.265832679571
asymmetric,guarded_iqs,1.55,1.1884584825133309,798.8191983356057,835.265832679571
asymmetric,guarded_iqs,1.6,1.2003396002685993,798.8191983356057,835.265832679571
asymmetric,guarded_iqs,1.6500000000000001,1.2026504369972557,798.8191983356057,835.265832679571
asymmetric,guarded_iqs,1.7000000000000002,1.203719206272938,798.8191983356057,835.265832679571
asymmetric,guarded_iqs,1.75,1.204627266620788,798.8191983356057,835.265832679571
asymmetric,guarded_iqs,1.8,1.2055150250145714,798.8191983356057,835.265832679571
asymmetric,guarded_iqs,1.85,1.2177201778614484,798.8191983356057,835.265832679571
asymmetric,guarded_iqs,1.9000000000000001,1.234027791866371,798.8191983356057,835.265832679571
asymmetric,guarded_iqs,1.9500000000000002,1.2370972810213434,798.8191983356057,835.265832679571
asymmetric,guarded_iqs,2.0,1.2654694792320844,798.8392579799743,835.3057395911355
asymmetric,guarded_iqs,2.0500000000000003,1.2847990293966762,798.8392579799743,835.3057395911355
asymmetric,guarded_iqs,2.1,1.2885889283391396,798.8392579799743,835.3057395911355
asymmetric,guarded_iqs,2.15,1.2902487935599516,798.8392579799743,835.3057395911355
asymmetric,guarded_iqs,2.2,1.2916177016715822,798.8392579799743,835.3057395911355
asymmetric,guarded_iqs,2.25,1.301679695734447,798.8392579799743,835.3057395911355
asymmetric,guarded_iqs,2.3000000000000003,1.3042634661927288,798.8392579799743,835.3057395911355
asymmetric,guarded_iqs,2.35,1.3058160117417459,798.8392579799743,835.3057395911355
asymmetric,guarded_iqs,2.4000000000000004,1.3161043364995666,798.8392579799743,835.3057395911355
asymmetric,guarded_iqs,2.45,1.330982704476044,798.8392579799743,835.3057395911355
asymmetric,guarded_iqs,2.5,1.3344023731189523,798.8675456646025,835.3614187727225
asymmetric,guarded_iqs,2.5500000000000003,1.3360669000282037,798.8675456646025,835.3614187727225
asymmetric,guarded_iqs,2.6,1.3376309958182004,798.8675456646025,835.3614187727225
asymmetric,guarded_iqs,2.6500000000000004,1.33918251386205,798.8675456646025,835.3614187727225
asymmetric,guarded_iqs,2.7,1.340733806008731,798.8675456646025,835.3614187727225
asymmetric,guarded_iqs,2.75,1.3422866104163103,798.8675456646025,835.3614187727225
asymmetric,guarded_iqs,2.8000000000000003,1.3438411732161994,798.8675456646025,835.3614187727225
asymmetric,guarded_iqs,2.85,1.3453975307986425,798.8675456646025,835.3614187727225
asymmetric,guarded_iqs,2.9000000000000004,1.3469556900716828,798.8675456646025,835.3614187727225
asymmetric,guarded_iqs,2.95,1.3485156538006884,798.8675456646025,835.3614187727225
asymmetric,guarded_iqs,3.0,1.350077424171077,798.8993217583145,835.4239108911004
asymmetric,guarded_iqs,3.0500000000000003,1.3514667176612853,798.8993217583145,835.4239108911004
asymmetric,guarded_iqs,3.1,1.3530065717382183,798.8993217583145,835.4239108911004
asymmetric,guarded_iqs,3.1500000000000004,1.3545691449242727,798.8993217583145,835.4239108911004
asymmetric,guarded_iqs,3.2,1.3561364695584817,798.8993217583145,835.4239108911004
asymmetric,guarded_iqs,3.25,1.3577060219009198,798.8993217583145,835.4239108911004
asymmetric,guarded_iqs,3.3000000000000003,1.3592774490187194,798.8993217583145,835.4239108911004
asymmetric,guarded_iqs,3.35,1.3608507031109438,798.8993217583145,835.4239108911004
asymmetric,guarded_iqs,3.4000000000000004,1.3624257792683512,798.8993217583145,835.4239108911004
asymmetric,guarded_iqs,3.45,1.3640026786124235,798.8993217583145,835.4239108911004
asymmetric,guarded_iqs,3.5,1.36558140311471,798.9324557035845,835.4888047782864
asymmetric,guarded_iqs,3.5500000000000003,1.3669778485162472,798.9324557035845,835.4888047782864
asymmetric,guarded_iqs,3.6,1.3685332610075314,798.9324557035845,835.4888047782864
asymmetric,guarded_iqs,3.6500000000000004,1.3701125873871773,798.9324557035845,835.4888047782864
asymmetric,guarded_iqs,3.7,1.3716968486184749,798.9324557035845,835.4888047782864
asymmetric,guarded_iqs,3.75,1.3732833791408157,798.9324557035845,835.4888047782864
asymmetric,guarded_iqs,3.8000000000000003,1.3748718061495626,798.9324557035845,835.4888047782864
asymmetric,guarded_iqs,3.85,1.3764620790740776,798.9324557035845,835.4888047782864
asymmetric,guarded_iqs,3.9000000000000004,1.3780541926338077,798.9324557035845,835.4888047782864
asymmetric,guarded_iqs,3.95,1.3796481479154512,798.9324557035845,835.4888047782864
asymmetric,guarded_iqs,4.0,1.3812439469029534,798.9669586430272,835.5561105548164
asymmetric,guarded_iqs,4.05,1.3826488819779843,798.9669586430272,835.5561105548164
asymmetric,guarded_iqs,4.1000000000000005,1.384220141763415,798.9669586430272,835.5561105548164
asymmetric,guarded_iqs,4.15,1.3858163624521715,798.9669586430272,835.5561105548164
asymmetric,guarded_iqs,4.2,1.3874176806217864,798.9669586430272,835.5561105548164
asymmetric,guarded_iqs,4.25,1.3890213067874413,798.9669586430272,835.5561105548164
asymmetric,guarded_iqs,4.3,1.3906268507942432,798.9669586430272,835.5561105548164
asymmetric,guarded_iqs,4.3500000000000005,1.39223425965734,798.9669586430272,835.5561105548164
asymmetric,guarded_iqs,4.4,1.39384352777506,798.9669586430272,835.5561105548164
asymmetric,guarded_iqs,4.45,1.3954546562063728,798.9669586430272,835.5561105548164
asymmetric,guarded_iqs,4.5,1.3970676469484784,799.002842436306,835.6258417710146
asymmetric,guarded_iqs,4.55,1.39848054279387,799.002842436306,835.6258417710146
asymmetric,guarded_iqs,4.6000000000000005,1.4000676783485588,799.002842436306,835.6258417710146
asymmetric,guarded_iqs,4.65,1.4016808998013566,799.002842436306,835.6258417710146
asymmetric,guarded_iqs,4.7,1.4032993923203245,799.002842436306,835.6258417710146
asymmetric,guarded_iqs,4.75,1.4049202331255481,799.002842436306,835.6258417710146
asymmetric,guarded_iqs,4.800000000000001,1.4065430134021264,799.002842436306,835.6258417710146
asymmetric,guarded_iqs,4.8500000000000005,1.4081676775678573,799.002842436306,835.6258417710146
asymmetric,guarded_iqs,4.9,1.4097942196741937,799.002842436306,835.6258417710146
asymmetric,guarded_iqs,4.95,1.4114226407487656,799.002842436306,835.6258417710146
asymmetric,guarded_iqs,5.0,1.4130529428015737,799.0401189608357,835.6980130706605
asymmetric,guarded_iqs,5.050000000000001,1.4144737073722877,799.0401189608357,835.6980130706605
asymmetric,guarded_iqs,5.1000000000000005,1.416076804352527,799.0401189608357,835.6980130706605
asymmetric,guarded_iqs,5.15,1.4177071367935692,799.0401189608357,835.6980130706605
asymmetric,guarded_iqs,5.2,1.419342917318803,799.0401189608357,835.6980130706605
asymmetric,guarded_iqs,5.25,1.4209810869370658,799.0401189608357,835.6980130706605
asymmetric,guarded_iqs,5.300000000000001,1.4226212177713073,799.0401189608357,835.6980130706605
asymmetric,guarded_iqs,5.3500000000000005,1.4242632515861804,799.0401189608357,835.6980130706605
asymmetric,guarded_iqs,5.4,1.4259071820788487,799.0401189608357,835.6980130706605
asymmetric,guarded_iqs,5.45,1.4275530102444438,799.0401189608357,835.6980130706605
asymmetric,guarded_iqs,5.5,1.4292007381055838,799.078800154085,835.7726388438954
asymmetric,guarded_iqs,5.550000000000001,1.4306291880088855,799.078800154085,835.7726388438954
asymmetric,guarded_iqs,5.6000000000000005,1.432248321326639,799.078800154085,835.7726388438954
asymmetric,guarded_iqs,5.65,1.4338958755417377,799.078800154085,835.7726388438954
asymmetric,guarded_iqs,5.7,1.435549059881125,799.078800154085,835.7726388438954
asymmetric,guarded_iqs,5.75,1.4372046748640337,799.078800154085,835.7726388438954
asymmetric,guarded_iqs,5.800000000000001,1.4388622729576563,799.078800154085,835.7726388438954
asymmetric,guarded_iqs,5.8500000000000005,1.440521793191557,799.078800154085,835.7726388438954
asymmetric,guarded_iqs,5.9,1.442183228896898,799.078800154085,835.7726388438954
asymmetric,guarded_iqs,5.95,1.4438465810347587,799.078800154085,835.7726388438954
asymmetric,guarded_iqs,6.0,1.4455118516401955,799.1188980033493,835.8497339485485
